core           INFO 	Loading data for Australian Grand Prix - Race [v3.8.3]
req            INFO 	Using cached data for session_info
req            INFO 	Using cached data for driver_info
req            INFO 	Using cached data for session_status_data
req            INFO 	Using cached data for lap_count
req            INFO 	Using cached data for track_status_data
req            INFO 	Using cached data for _extended_timing_data
req            INFO 	Using cached data for timing_app_data
core           INFO 	Processing timing data...
core        WARNING 	Failed to perform lap accuracy check - all laps marked as inaccurate (driver 81)
core        WARNING 	Failed to perform lap accuracy check - all laps marked as inaccurate (driver 27)
req            INFO 	Using cached data for car_data
req            INFO 	Using cached data for position_data
req            INFO 	Using cached data for weather_data
req            INFO 	No cached data found for race_control_messages. Loading data...
_api           INFO 	Fetching race control messages...
req            INFO 	Data has been written to cache!
core           INFO 	Finished loading data for 22 drivers: ['63', '12', '16', '44', '1', '3', '87', '41', '5', '10', '31', '23', '30', '43', '55', '11', '18', '14', '77', '6', '81', '27']
core           INFO 	Loading data for Chinese Grand Prix - Race [v3.8.3]
req            INFO 	Using cached data for session_info
req            INFO 	Using cached data for driver_info
req            INFO 	Using cached data for session_status_data
req            INFO 	Using cached data for lap_count
req            INFO 	Using cached data for track_status_data
req            INFO 	Using cached data for _extended_timing_data
req            INFO 	Using cached data for timing_app_data
core           INFO 	Processing timing data...
core        WARNING 	Failed to perform lap accuracy check - all laps marked as inaccurate (driver 81)
core        WARNING 	Failed to perform lap accuracy check - all laps marked as inaccurate (driver 1)
core        WARNING 	Failed to perform lap accuracy check - all laps marked as inaccurate (driver 5)
core        WARNING 	Failed to perform lap accuracy check - all laps marked as inaccurate (driver 23)
core        WARNING 	Driver 12 completed the race distance 00:00.022000 before the recorded end of the session.
req            INFO 	Using cached data for car_data
req            INFO 	Using cached data for position_data
req            INFO 	Using cached data for weather_data
req            INFO 	No cached data found for race_control_messages. Loading data...
_api           INFO 	Fetching race control messages...
req            INFO 	Data has been written to cache!
core           INFO 	Finished loading data for 22 drivers: ['12', '63', '44', '16', '87', '10', '30', '6', '55', '43', '27', '41', '77', '31', '11', '3', '14', '18', '81', '1', '5', '23']
core           INFO 	Loading data for Japanese Grand Prix - Race [v3.8.3]
req            INFO 	Using cached data for session_info
req            INFO 	Using cached data for driver_info
req            INFO 	Using cached data for session_status_data
req            INFO 	Using cached data for lap_count
req            INFO 	Using cached data for track_status_data
req            INFO 	Using cached data for _extended_timing_data
req            INFO 	Using cached data for timing_app_data
core           INFO 	Processing timing data...
req            INFO 	Using cached data for car_data
req            INFO 	Using cached data for position_data
req            INFO 	Using cached data for weather_data
req            INFO 	No cached data found for race_control_messages. Loading data...
_api           INFO 	Fetching race control messages...
req            INFO 	Data has been written to cache!
core           INFO 	Finished loading data for 22 drivers: ['12', '81', '16', '63', '1', '44', '10', '3', '30', '31', '27', '6', '5', '41', '55', '43', '11', '14', '77', '23', '18', '87']
core           INFO 	Loading data for Miami Grand Prix - Race [v3.8.3]
req            INFO 	Using cached data for session_info
req            INFO 	Using cached data for driver_info
req            INFO 	Using cached data for session_status_data
req            INFO 	Using cached data for lap_count
req            INFO 	Using cached data for track_status_data
req            INFO 	Using cached data for _extended_timing_data
req            INFO 	Using cached data for timing_app_data
core           INFO 	Processing timing data...
core        WARNING 	Driver 12 completed the race distance 00:00.027000 before the recorded end of the session.
req            INFO 	Using cached data for car_data
req            INFO 	Using cached data for position_data
req            INFO 	Using cached data for weather_data
req            INFO 	No cached data found for race_control_messages. Loading data...
_api           INFO 	Fetching race control messages...
req            INFO 	Data has been written to cache!
core           INFO 	Finished loading data for 22 drivers: ['12', '1', '81', '63', '3', '44', '43', '16', '55', '23', '87', '5', '31', '41', '14', '11', '18', '77', '27', '30', '10', '6']
core           INFO 	Loading data for Canadian Grand Prix - Race [v3.8.3]
req            INFO 	Using cached data for session_info
req            INFO 	Using cached data for driver_info
req            INFO 	Using cached data for session_status_data
req            INFO 	Using cached data for lap_count
req            INFO 	Using cached data for track_status_data
req            INFO 	Using cached data for _extended_timing_data
req            INFO 	Using cached data for timing_app_data
core           INFO 	Processing timing data...
core        WARNING 	Failed to perform lap accuracy check - all laps marked as inaccurate (driver 41)
req            INFO 	Using cached data for car_data
req            INFO 	Using cached data for position_data
req            INFO 	Using cached data for weather_data
req            INFO 	No cached data found for race_control_messages. Loading data...
_api           INFO 	Fetching race control messages...
req            INFO 	Data has been written to cache!
core           INFO 	Finished loading data for 22 drivers: ['12', '44', '3', '16', '6', '43', '30', '10', '55', '87', '81', '27', '5', '31', '18', '77', '11', '1', '63', '14', '23', '41']
core           INFO 	Loading data for Monaco Grand Prix - Race [v3.8.3]
req            INFO 	Using cached data for session_info
req            INFO 	Using cached data for driver_info
req            INFO 	Using cached data for session_status_data
req            INFO 	Using cached data for lap_count
req            INFO 	Using cached data for track_status_data
req            INFO 	Using cached data for _extended_timing_data
req            INFO 	Using cached data for timing_app_data
core           INFO 	Processing timing data...
req            INFO 	Using cached data for car_data
req            INFO 	Using cached data for position_data
req            INFO 	Using cached data for weather_data
req            INFO 	No cached data found for race_control_messages. Loading data...
_api           INFO 	Fetching race control messages...
req            INFO 	Data has been written to cache!
core           INFO 	Finished loading data for 22 drivers: ['12', '44', '10', '6', '81', '30', '41', '23', '31', '14', '5', '63', '27', '43', '11', '55', '16', '18', '1', '87', '77', '3']
core           INFO 	Loading data for Barcelona Grand Prix - Race [v3.8.3]
req            INFO 	Using cached data for session_info
req            INFO 	Using cached data for driver_info
req            INFO 	Using cached data for session_status_data
req            INFO 	Using cached data for lap_count
req            INFO 	Using cached data for track_status_data
req            INFO 	Using cached data for _extended_timing_data
req            INFO 	Using cached data for timing_app_data
core           INFO 	Processing timing data...
core        WARNING 	Fixed incorrect tyre stint information for driver '87'
req            INFO 	Using cached data for car_data
req            INFO 	Using cached data for position_data
req            INFO 	Using cached data for weather_data
req            INFO 	No cached data found for race_control_messages. Loading data...
_api           INFO 	Fetching race control messages...
req            INFO 	Data has been written to cache!
core           INFO 	Finished loading data for 22 drivers: ['44', '63', '1', '3', '81', '6', '10', '30', '41', '43', '5', '55', '31', '11', '16', '12', '87', '23', '14', '27', '77', '18']
core           INFO 	Loading data for Austrian Grand Prix - Race [v3.8.3]
req            INFO 	Using cached data for session_info
req            INFO 	Using cached data for driver_info
req            INFO 	Using cached data for session_status_data
req            INFO 	Using cached data for lap_count
req            INFO 	Using cached data for track_status_data
req            INFO 	Using cached data for _extended_timing_data
req            INFO 	Using cached data for timing_app_data
core           INFO 	Processing timing data...
core        WARNING 	Driver 63 completed the race distance 00:00.530000 before the recorded end of the session.
req            INFO 	Using cached data for car_data
req            INFO 	Using cached data for position_data
req            INFO 	Using cached data for weather_data
req            INFO 	No cached data found for race_control_messages. Loading data...
_api           INFO 	Fetching race control messages...
req            INFO 	Data has been written to cache!
core           INFO 	Finished loading data for 22 drivers: ['63', '3', '12', '81', '44', '6', '1', '16', '30', '41', '5', '27', '10', '87', '43', '31', '23', '14', '18', '55', '11', '77']
core           INFO 	Loading data for British Grand Prix - Race [v3.8.3]
req            INFO 	Using cached data for session_info
req            INFO 	Using cached data for driver_info
req            INFO 	Using cached data for session_status_data
req            INFO 	Using cached data for lap_count
req            INFO 	Using cached data for track_status_data
req            INFO 	Using cached data for _extended_timing_data
req            INFO 	Using cached data for timing_app_data
core           INFO 	Processing timing data...
req            INFO 	Using cached data for car_data
req            INFO 	Using cached data for position_data
req            INFO 	Using cached data for weather_data
req            INFO 	No cached data found for race_control_messages. Loading data...
_api           INFO 	Fetching race control messages...
req            INFO 	Data has been written to cache!
core           INFO 	Finished loading data for 22 drivers: ['16', '63', '44', '1', '6', '30', '41', '5', '43', '10', '81', '87', '31', '11', '12', '77', '55', '14', '18', '3', '23', '27']
core           INFO 	Loading data for Belgian Grand Prix - Race [v3.8.3]
req            INFO 	Using cached data for session_info
req            INFO 	Using cached data for driver_info
req            INFO 	Using cached data for session_status_data
req            INFO 	Using cached data for lap_count
req            INFO 	Using cached data for track_status_data
req            INFO 	Using cached data for _extended_timing_data
req            INFO 	Using cached data for timing_app_data
core           INFO 	Processing timing data...
core        WARNING 	Fixed incorrect tyre stint information for driver '12'
core        WARNING 	Driver 12 completed the race distance 00:00.045000 before the recorded end of the session.
req            INFO 	Using cached data for car_data
req            INFO 	Using cached data for position_data
req            INFO 	Using cached data for weather_data
req            INFO 	No cached data found for race_control_messages. Loading data...
_api           INFO 	Fetching race control messages...
req            INFO 	Data has been written to cache!
core           INFO 	Finished loading data for 22 drivers: ['12', '16', '3', '44', '81', '6', '1', '5', '41', '43', '10', '30', '27', '87', '23', '55', '31', '77', '14', '18', '11', '63']
core           INFO 	Loading data for Hungarian Grand Prix - Race [v3.8.3]
req            INFO 	Using cached data for session_info
req            INFO 	Using cached data for driver_info
req            INFO 	Using cached data for session_status_data
req            INFO 	Using cached data for lap_count
req            INFO 	Using cached data for track_status_data
req            INFO 	Using cached data for _extended_timing_data
req            INFO 	Using cached data for timing_app_data
core           INFO 	Processing timing data...
core        WARNING 	Fixed incorrect tyre stint information for driver '11'
req            INFO 	Using cached data for car_data
req            INFO 	Using cached data for position_data
req            INFO 	Using cached data for weather_data
req            INFO 	No cached data found for race_control_messages. Loading data...
_api           INFO 	Fetching race control messages...
req            INFO 	Data has been written to cache!
core           INFO 	Finished loading data for 22 drivers: ['1', '3', '12', '16', '44', '6', '63', '30', '27', '41', '5', '10', '18', '14', '43', '31', '23', '55', '87', '81', '11', '77']
INFO: 11 carreras a procesar en 2026 (overwrite=True)

INFO: --- Ingesta Australian Grand Prix 2026 · sesión R ---
ALERTA: australian_grand_prix 2026 sin vueltas para ['HUL', 'PIA']
SUCCESS: vueltas -> data/raw/2026\australian_grand_prix\R_laps.parquet (1006 filas)
INFO: Extrayendo telemetría vuelta por vuelta...
SUCCESS: telemetría -> data/raw/2026\australian_grand_prix\R_telemetry.parquet (684379 filas)
SUCCESS: eventos -> data/raw/2026\australian_grand_prix\R_events.parquet (167 mensajes, 124 banderas)

INFO: --- Ingesta Chinese Grand Prix 2026 · sesión R ---
ALERTA: chinese_grand_prix 2026 sin vueltas para ['ALB', 'BOR', 'NOR', 'PIA']
SUCCESS: vueltas -> data/raw/2026\chinese_grand_prix\R_laps.parquet (920 filas)
INFO: Extrayendo telemetría vuelta por vuelta...
SUCCESS: telemetría -> data/raw/2026\chinese_grand_prix\R_telemetry.parquet (704777 filas)
SUCCESS: eventos -> data/raw/2026\chinese_grand_prix\R_events.parquet (86 mensajes, 53 banderas)

INFO: --- Ingesta Japanese Grand Prix 2026 · sesión R ---
SUCCESS: vueltas -> data/raw/2026\japanese_grand_prix\R_laps.parquet (1107 filas)
INFO: Extrayendo telemetría vuelta por vuelta...
SUCCESS: telemetría -> data/raw/2026\japanese_grand_prix\R_telemetry.parquet (839827 filas)
SUCCESS: eventos -> data/raw/2026\japanese_grand_prix\R_events.parquet (47 mensajes, 24 banderas)

INFO: --- Ingesta Miami Grand Prix 2026 · sesión R ---
SUCCESS: vueltas -> data/raw/2026\miami_grand_prix\R_laps.parquet (1040 filas)
INFO: Extrayendo telemetría vuelta por vuelta...
SUCCESS: telemetría -> data/raw/2026\miami_grand_prix\R_telemetry.parquet (783560 filas)
SUCCESS: eventos -> data/raw/2026\miami_grand_prix\R_events.parquet (176 mensajes, 109 banderas)

INFO: --- Ingesta Canadian Grand Prix 2026 · sesión R ---
ALERTA: canadian_grand_prix 2026 sin vueltas para ['LIN']
SUCCESS: vueltas -> data/raw/2026\canadian_grand_prix\R_laps.parquet (1211 filas)
INFO: Extrayendo telemetría vuelta por vuelta...
SUCCESS: telemetría -> data/raw/2026\canadian_grand_prix\R_telemetry.parquet (731866 filas)
SUCCESS: eventos -> data/raw/2026\canadian_grand_prix\R_events.parquet (286 mensajes, 175 banderas)

INFO: --- Ingesta Monaco Grand Prix 2026 · sesión R ---
SUCCESS: vueltas -> data/raw/2026\monaco_grand_prix\R_laps.parquet (1452 filas)
INFO: Extrayendo telemetría vuelta por vuelta...
WARNING: sin telemetría para NOR vuelta 6.0 - "None of ['Date'] are in the columns"
WARNING: sin telemetría para NOR vuelta 7.0 - "None of ['Date'] are in the columns"
WARNING: sin telemetría para NOR vuelta 8.0 - "None of ['Date'] are in the columns"
WARNING: sin telemetría para NOR vuelta 9.0 - "None of ['Date'] are in the columns"
WARNING: sin telemetría para NOR vuelta 10.0 - "None of ['Date'] are in the columns"
WARNING: sin telemetría para NOR vuelta 11.0 - "None of ['Date'] are in the columns"
WARNING: sin telemetría para NOR vuelta 12.0 - "None of ['Date'] are in the columns"
WARNING: sin telemetría para NOR vuelta 13.0 - "None of ['Date'] are in the columns"
WARNING: sin telemetría para NOR vuelta 14.0 - "None of ['Date'] are in the columns"
WARNING: sin telemetría para NOR vuelta 15.0 - "None of ['Date'] are in the columns"
WARNING: sin telemetría para NOR vuelta 16.0 - "None of ['Date'] are in the columns"
WARNING: sin telemetría para NOR vuelta 17.0 - "None of ['Date'] are in the columns"
WARNING: sin telemetría para NOR vuelta 18.0 - "None of ['Date'] are in the columns"
WARNING: sin telemetría para NOR vuelta 19.0 - "None of ['Date'] are in the columns"
WARNING: sin telemetría para NOR vuelta 20.0 - "None of ['Date'] are in the columns"
WARNING: sin telemetría para NOR vuelta 21.0 - "None of ['Date'] are in the columns"
WARNING: sin telemetría para NOR vuelta 22.0 - "None of ['Date'] are in the columns"
WARNING: sin telemetría para NOR vuelta 23.0 - "None of ['Date'] are in the columns"
WARNING: sin telemetría para NOR vuelta 24.0 - "None of ['Date'] are in the columns"
WARNING: sin telemetría para NOR vuelta 25.0 - "None of ['Date'] are in the columns"
WARNING: sin telemetría para NOR vuelta 26.0 - "None of ['Date'] are in the columns"
WARNING: sin telemetría para NOR vuelta 27.0 - "None of ['Date'] are in the columns"
WARNING: sin telemetría para NOR vuelta 28.0 - "None of ['Date'] are in the columns"
WARNING: sin telemetría para NOR vuelta 29.0 - "None of ['Date'] are in the columns"
WARNING: sin telemetría para NOR vuelta 30.0 - "None of ['Date'] are in the columns"
WARNING: sin telemetría para NOR vuelta 31.0 - "None of ['Date'] are in the columns"
WARNING: sin telemetría para NOR vuelta 32.0 - "None of ['Date'] are in the columns"
WARNING: sin telemetría para NOR vuelta 33.0 - "None of ['Date'] are in the columns"
WARNING: sin telemetría para NOR vuelta 34.0 - "None of ['Date'] are in the columns"
WARNING: sin telemetría para NOR vuelta 35.0 - "None of ['Date'] are in the columns"
WARNING: sin telemetría para NOR vuelta 36.0 - "None of ['Date'] are in the columns"
WARNING: sin telemetría para NOR vuelta 37.0 - "None of ['Date'] are in the columns"
WARNING: sin telemetría para NOR vuelta 38.0 - "None of ['Date'] are in the columns"
WARNING: sin telemetría para NOR vuelta 39.0 - "None of ['Date'] are in the columns"
WARNING: sin telemetría para NOR vuelta 40.0 - "None of ['Date'] are in the columns"
WARNING: sin telemetría para NOR vuelta 41.0 - "None of ['Date'] are in the columns"
WARNING: sin telemetría para NOR vuelta 42.0 - "None of ['Date'] are in the columns"
WARNING: sin telemetría para NOR vuelta 43.0 - "None of ['Date'] are in the columns"
WARNING: sin telemetría para GAS vuelta 6.0 - "None of ['Date'] are in the columns"
WARNING: sin telemetría para GAS vuelta 7.0 - "None of ['Date'] are in the columns"
WARNING: sin telemetría para GAS vuelta 8.0 - "None of ['Date'] are in the columns"
WARNING: sin telemetría para GAS vuelta 9.0 - "None of ['Date'] are in the columns"
WARNING: sin telemetría para GAS vuelta 10.0 - "None of ['Date'] are in the columns"
WARNING: sin telemetría para GAS vuelta 11.0 - "None of ['Date'] are in the columns"
WARNING: sin telemetría para GAS vuelta 12.0 - "None of ['Date'] are in the columns"
WARNING: sin telemetría para GAS vuelta 13.0 - "None of ['Date'] are in the columns"
WARNING: sin telemetría para GAS vuelta 14.0 - "None of ['Date'] are in the columns"
WARNING: sin telemetría para GAS vuelta 15.0 - "None of ['Date'] are in the columns"
WARNING: sin telemetría para GAS vuelta 16.0 - "None of ['Date'] are in the columns"
WARNING: sin telemetría para GAS vuelta 17.0 - "None of ['Date'] are in the columns"
WARNING: sin telemetría para GAS vuelta 18.0 - "None of ['Date'] are in the columns"
WARNING: sin telemetría para GAS vuelta 19.0 - "None of ['Date'] are in the columns"
WARNING: sin telemetría para GAS vuelta 20.0 - "None of ['Date'] are in the columns"
WARNING: sin telemetría para GAS vuelta 21.0 - "None of ['Date'] are in the columns"
WARNING: sin telemetría para GAS vuelta 22.0 - "None of ['Date'] are in the columns"
WARNING: sin telemetría para GAS vuelta 23.0 - "None of ['Date'] are in the columns"
WARNING: sin telemetría para GAS vuelta 24.0 - "None of ['Date'] are in the columns"
WARNING: sin telemetría para GAS vuelta 25.0 - "None of ['Date'] are in the columns"
WARNING: sin telemetría para GAS vuelta 26.0 - "None of ['Date'] are in the columns"
WARNING: sin telemetría para GAS vuelta 27.0 - "None of ['Date'] are in the columns"
WARNING: sin telemetría para GAS vuelta 28.0 - "None of ['Date'] are in the columns"
WARNING: sin telemetría para GAS vuelta 29.0 - "None of ['Date'] are in the columns"
WARNING: sin telemetría para GAS vuelta 30.0 - "None of ['Date'] are in the columns"
WARNING: sin telemetría para GAS vuelta 31.0 - "None of ['Date'] are in the columns"
WARNING: sin telemetría para GAS vuelta 32.0 - "None of ['Date'] are in the columns"
WARNING: sin telemetría para GAS vuelta 33.0 - "None of ['Date'] are in the columns"
WARNING: sin telemetría para GAS vuelta 34.0 - "None of ['Date'] are in the columns"
WARNING: sin telemetría para GAS vuelta 35.0 - "None of ['Date'] are in the columns"
WARNING: sin telemetría para GAS vuelta 36.0 - "None of ['Date'] are in the columns"
WARNING: sin telemetría para GAS vuelta 37.0 - "None of ['Date'] are in the columns"
WARNING: sin telemetría para GAS vuelta 38.0 - "None of ['Date'] are in the columns"
WARNING: sin telemetría para GAS vuelta 39.0 - "None of ['Date'] are in the columns"
WARNING: sin telemetría para GAS vuelta 40.0 - "None of ['Date'] are in the columns"
WARNING: sin telemetría para GAS vuelta 41.0 - "None of ['Date'] are in the columns"
WARNING: sin telemetría para GAS vuelta 42.0 - "None of ['Date'] are in the columns"
WARNING: sin telemetría para GAS vuelta 43.0 - "None of ['Date'] are in the columns"
WARNING: sin telemetría para GAS vuelta 45.0 - "None of ['Date'] are in the columns"
WARNING: sin telemetría para GAS vuelta 46.0 - "None of ['Date'] are in the columns"
WARNING: sin telemetría para GAS vuelta 47.0 - "None of ['Date'] are in the columns"
WARNING: sin telemetría para GAS vuelta 48.0 - "None of ['Date'] are in the columns"
WARNING: sin telemetría para GAS vuelta 49.0 - "None of ['Date'] are in the columns"
WARNING: sin telemetría para GAS vuelta 50.0 - "None of ['Date'] are in the columns"
WARNING: sin telemetría para GAS vuelta 51.0 - "None of ['Date'] are in the columns"
WARNING: sin telemetría para GAS vuelta 52.0 - "None of ['Date'] are in the columns"
WARNING: sin telemetría para GAS vuelta 53.0 - "None of ['Date'] are in the columns"
WARNING: sin telemetría para GAS vuelta 54.0 - "None of ['Date'] are in the columns"
WARNING: sin telemetría para GAS vuelta 55.0 - "None of ['Date'] are in the columns"
WARNING: sin telemetría para GAS vuelta 56.0 - "None of ['Date'] are in the columns"
WARNING: sin telemetría para GAS vuelta 57.0 - "None of ['Date'] are in the columns"
WARNING: sin telemetría para GAS vuelta 58.0 - "None of ['Date'] are in the columns"
WARNING: sin telemetría para GAS vuelta 59.0 - "None of ['Date'] are in the columns"
WARNING: sin telemetría para GAS vuelta 60.0 - "None of ['Date'] are in the columns"
WARNING: sin telemetría para GAS vuelta 61.0 - "None of ['Date'] are in the columns"
WARNING: sin telemetría para GAS vuelta 62.0 - "None of ['Date'] are in the columns"
WARNING: sin telemetría para GAS vuelta 63.0 - "None of ['Date'] are in the columns"
WARNING: sin telemetría para GAS vuelta 64.0 - "None of ['Date'] are in the columns"
WARNING: sin telemetría para GAS vuelta 65.0 - "None of ['Date'] are in the columns"
WARNING: sin telemetría para GAS vuelta 66.0 - "None of ['Date'] are in the columns"
WARNING: sin telemetría para GAS vuelta 67.0 - "None of ['Date'] are in the columns"
WARNING: sin telemetría para GAS vuelta 68.0 - "None of ['Date'] are in the columns"
WARNING: sin telemetría para GAS vuelta 69.0 - "None of ['Date'] are in the columns"
WARNING: sin telemetría para GAS vuelta 70.0 - "None of ['Date'] are in the columns"
WARNING: sin telemetría para GAS vuelta 71.0 - "None of ['Date'] are in the columns"
WARNING: sin telemetría para GAS vuelta 72.0 - "None of ['Date'] are in the columns"
WARNING: sin telemetría para GAS vuelta 73.0 - "None of ['Date'] are in the columns"
WARNING: sin telemetría para GAS vuelta 74.0 - "None of ['Date'] are in the columns"
WARNING: sin telemetría para GAS vuelta 75.0 - "None of ['Date'] are in the columns"
WARNING: sin telemetría para GAS vuelta 76.0 - "None of ['Date'] are in the columns"
WARNING: sin telemetría para GAS vuelta 77.0 - "None of ['Date'] are in the columns"
WARNING: sin telemetría para GAS vuelta 78.0 - "None of ['Date'] are in the columns"
WARNING: sin telemetría para PER vuelta 6.0 - "None of ['Date'] are in the columns"
WARNING: sin telemetría para PER vuelta 7.0 - "None of ['Date'] are in the columns"
WARNING: sin telemetría para PER vuelta 8.0 - "None of ['Date'] are in the columns"
WARNING: sin telemetría para PER vuelta 9.0 - "None of ['Date'] are in the columns"
WARNING: sin telemetría para PER vuelta 10.0 - "None of ['Date'] are in the columns"
WARNING: sin telemetría para PER vuelta 11.0 - "None of ['Date'] are in the columns"
WARNING: sin telemetría para PER vuelta 12.0 - "None of ['Date'] are in the columns"
WARNING: sin telemetría para PER vuelta 13.0 - "None of ['Date'] are in the columns"
WARNING: sin telemetría para PER vuelta 14.0 - "None of ['Date'] are in the columns"
WARNING: sin telemetría para PER vuelta 15.0 - "None of ['Date'] are in the columns"
WARNING: sin telemetría para PER vuelta 16.0 - "None of ['Date'] are in the columns"
WARNING: sin telemetría para PER vuelta 17.0 - "None of ['Date'] are in the columns"
WARNING: sin telemetría para PER vuelta 18.0 - "None of ['Date'] are in the columns"
WARNING: sin telemetría para PER vuelta 19.0 - "None of ['Date'] are in the columns"
WARNING: sin telemetría para PER vuelta 20.0 - "None of ['Date'] are in the columns"
WARNING: sin telemetría para PER vuelta 21.0 - "None of ['Date'] are in the columns"
WARNING: sin telemetría para PER vuelta 22.0 - "None of ['Date'] are in the columns"
WARNING: sin telemetría para PER vuelta 23.0 - "None of ['Date'] are in the columns"
WARNING: sin telemetría para PER vuelta 24.0 - "None of ['Date'] are in the columns"
WARNING: sin telemetría para PER vuelta 25.0 - "None of ['Date'] are in the columns"
WARNING: sin telemetría para PER vuelta 26.0 - "None of ['Date'] are in the columns"
WARNING: sin telemetría para PER vuelta 27.0 - "None of ['Date'] are in the columns"
WARNING: sin telemetría para PER vuelta 28.0 - "None of ['Date'] are in the columns"
WARNING: sin telemetría para PER vuelta 29.0 - "None of ['Date'] are in the columns"
WARNING: sin telemetría para PER vuelta 30.0 - "None of ['Date'] are in the columns"
WARNING: sin telemetría para PER vuelta 31.0 - "None of ['Date'] are in the columns"
WARNING: sin telemetría para PER vuelta 32.0 - "None of ['Date'] are in the columns"
WARNING: sin telemetría para PER vuelta 33.0 - "None of ['Date'] are in the columns"
WARNING: sin telemetría para PER vuelta 34.0 - "None of ['Date'] are in the columns"
WARNING: sin telemetría para PER vuelta 35.0 - "None of ['Date'] are in the columns"
WARNING: sin telemetría para PER vuelta 36.0 - "None of ['Date'] are in the columns"
WARNING: sin telemetría para PER vuelta 37.0 - "None of ['Date'] are in the columns"
WARNING: sin telemetría para PER vuelta 38.0 - "None of ['Date'] are in the columns"
WARNING: sin telemetría para PER vuelta 39.0 - "None of ['Date'] are in the columns"
WARNING: sin telemetría para PER vuelta 40.0 - "None of ['Date'] are in the columns"
WARNING: sin telemetría para PER vuelta 41.0 - "None of ['Date'] are in the columns"
WARNING: sin telemetría para PER vuelta 42.0 - "None of ['Date'] are in the columns"
WARNING: sin telemetría para PER vuelta 44.0 - "None of ['Date'] are in the columns"
WARNING: sin telemetría para PER vuelta 45.0 - "None of ['Date'] are in the columns"
WARNING: sin telemetría para PER vuelta 46.0 - "None of ['Date'] are in the columns"
WARNING: sin telemetría para PER vuelta 47.0 - "None of ['Date'] are in the columns"
WARNING: sin telemetría para PER vuelta 48.0 - "None of ['Date'] are in the columns"
WARNING: sin telemetría para PER vuelta 49.0 - "None of ['Date'] are in the columns"
WARNING: sin telemetría para PER vuelta 50.0 - "None of ['Date'] are in the columns"
WARNING: sin telemetría para PER vuelta 51.0 - "None of ['Date'] are in the columns"
WARNING: sin telemetría para PER vuelta 52.0 - "None of ['Date'] are in the columns"
WARNING: sin telemetría para PER vuelta 53.0 - "None of ['Date'] are in the columns"
WARNING: sin telemetría para PER vuelta 54.0 - "None of ['Date'] are in the columns"
WARNING: sin telemetría para PER vuelta 55.0 - "None of ['Date'] are in the columns"
WARNING: sin telemetría para PER vuelta 56.0 - "None of ['Date'] are in the columns"
WARNING: sin telemetría para PER vuelta 57.0 - "None of ['Date'] are in the columns"
WARNING: sin telemetría para PER vuelta 58.0 - "None of ['Date'] are in the columns"
WARNING: sin telemetría para PER vuelta 59.0 - "None of ['Date'] are in the columns"
WARNING: sin telemetría para PER vuelta 60.0 - "None of ['Date'] are in the columns"
WARNING: sin telemetría para PER vuelta 61.0 - "None of ['Date'] are in the columns"
WARNING: sin telemetría para PER vuelta 62.0 - "None of ['Date'] are in the columns"
WARNING: sin telemetría para PER vuelta 63.0 - "None of ['Date'] are in the columns"
WARNING: sin telemetría para PER vuelta 64.0 - "None of ['Date'] are in the columns"
WARNING: sin telemetría para PER vuelta 65.0 - "None of ['Date'] are in the columns"
WARNING: sin telemetría para PER vuelta 66.0 - "None of ['Date'] are in the columns"
WARNING: sin telemetría para PER vuelta 67.0 - "None of ['Date'] are in the columns"
WARNING: sin telemetría para PER vuelta 68.0 - "None of ['Date'] are in the columns"
WARNING: sin telemetría para PER vuelta 69.0 - "None of ['Date'] are in the columns"
WARNING: sin telemetría para PER vuelta 70.0 - "None of ['Date'] are in the columns"
WARNING: sin telemetría para PER vuelta 71.0 - "None of ['Date'] are in the columns"
WARNING: sin telemetría para PER vuelta 72.0 - "None of ['Date'] are in the columns"
WARNING: sin telemetría para PER vuelta 73.0 - "None of ['Date'] are in the columns"
WARNING: sin telemetría para PER vuelta 74.0 - "None of ['Date'] are in the columns"
WARNING: sin telemetría para PER vuelta 75.0 - "None of ['Date'] are in the columns"
WARNING: sin telemetría para PER vuelta 76.0 - "None of ['Date'] are in the columns"
WARNING: sin telemetría para PER vuelta 77.0 - "None of ['Date'] are in the columns"
WARNING: sin telemetría para PER vuelta 78.0 - "None of ['Date'] are in the columns"
WARNING: sin telemetría para ANT vuelta 6.0 - "None of ['Date'] are in the columns"
WARNING: sin telemetría para ANT vuelta 7.0 - "None of ['Date'] are in the columns"
WARNING: sin telemetría para ANT vuelta 8.0 - "None of ['Date'] are in the columns"
WARNING: sin telemetría para ANT vuelta 9.0 - "None of ['Date'] are in the columns"
WARNING: sin telemetría para ANT vuelta 10.0 - "None of ['Date'] are in the columns"
WARNING: sin telemetría para ANT vuelta 11.0 - "None of ['Date'] are in the columns"
WARNING: sin telemetría para ANT vuelta 12.0 - "None of ['Date'] are in the columns"
WARNING: sin telemetría para ANT vuelta 13.0 - "None of ['Date'] are in the columns"
WARNING: sin telemetría para ANT vuelta 14.0 - "None of ['Date'] are in the columns"
WARNING: sin telemetría para ANT vuelta 15.0 - "None of ['Date'] are in the columns"
WARNING: sin telemetría para ANT vuelta 16.0 - "None of ['Date'] are in the columns"
WARNING: sin telemetría para ANT vuelta 17.0 - "None of ['Date'] are in the columns"
WARNING: sin telemetría para ANT vuelta 18.0 - "None of ['Date'] are in the columns"
WARNING: sin telemetría para ANT vuelta 19.0 - "None of ['Date'] are in the columns"
WARNING: sin telemetría para ANT vuelta 20.0 - "None of ['Date'] are in the columns"
WARNING: sin telemetría para ANT vuelta 21.0 - "None of ['Date'] are in the columns"
WARNING: sin telemetría para ANT vuelta 22.0 - "None of ['Date'] are in the columns"
WARNING: sin telemetría para ANT vuelta 23.0 - "None of ['Date'] are in the columns"
WARNING: sin telemetría para ANT vuelta 24.0 - "None of ['Date'] are in the columns"
WARNING: sin telemetría para ANT vuelta 25.0 - "None of ['Date'] are in the columns"
WARNING: sin telemetría para ANT vuelta 26.0 - "None of ['Date'] are in the columns"
WARNING: sin telemetría para ANT vuelta 27.0 - "None of ['Date'] are in the columns"
WARNING: sin telemetría para ANT vuelta 28.0 - "None of ['Date'] are in the columns"
WARNING: sin telemetría para ANT vuelta 29.0 - "None of ['Date'] are in the columns"
WARNING: sin telemetría para ANT vuelta 30.0 - "None of ['Date'] are in the columns"
WARNING: sin telemetría para ANT vuelta 31.0 - "None of ['Date'] are in the columns"
WARNING: sin telemetría para ANT vuelta 32.0 - "None of ['Date'] are in the columns"
WARNING: sin telemetría para ANT vuelta 33.0 - "None of ['Date'] are in the columns"
WARNING: sin telemetría para ANT vuelta 34.0 - "None of ['Date'] are in the columns"
WARNING: sin telemetría para ANT vuelta 35.0 - "None of ['Date'] are in the columns"
WARNING: sin telemetría para ANT vuelta 36.0 - "None of ['Date'] are in the columns"
WARNING: sin telemetría para ANT vuelta 37.0 - "None of ['Date'] are in the columns"
WARNING: sin telemetría para ANT vuelta 38.0 - "None of ['Date'] are in the columns"
WARNING: sin telemetría para ANT vuelta 39.0 - "None of ['Date'] are in the columns"
WARNING: sin telemetría para ANT vuelta 40.0 - "None of ['Date'] are in the columns"
WARNING: sin telemetría para ANT vuelta 41.0 - "None of ['Date'] are in the columns"
WARNING: sin telemetría para ANT vuelta 42.0 - "None of ['Date'] are in the columns"
WARNING: sin telemetría para ANT vuelta 43.0 - "None of ['Date'] are in the columns"
WARNING: sin telemetría para ANT vuelta 46.0 - "None of ['Date'] are in the columns"
WARNING: sin telemetría para ANT vuelta 47.0 - "None of ['Date'] are in the columns"
WARNING: sin telemetría para ANT vuelta 48.0 - "None of ['Date'] are in the columns"
WARNING: sin telemetría para ANT vuelta 49.0 - "None of ['Date'] are in the columns"
WARNING: sin telemetría para ANT vuelta 50.0 - "None of ['Date'] are in the columns"
WARNING: sin telemetría para ANT vuelta 51.0 - "None of ['Date'] are in the columns"
WARNING: sin telemetría para ANT vuelta 52.0 - "None of ['Date'] are in the columns"
WARNING: sin telemetría para ANT vuelta 53.0 - "None of ['Date'] are in the columns"
WARNING: sin telemetría para ANT vuelta 54.0 - "None of ['Date'] are in the columns"
WARNING: sin telemetría para ANT vuelta 55.0 - "None of ['Date'] are in the columns"
WARNING: sin telemetría para ANT vuelta 56.0 - "None of ['Date'] are in the columns"
WARNING: sin telemetría para ANT vuelta 57.0 - "None of ['Date'] are in the columns"
WARNING: sin telemetría para ANT vuelta 58.0 - "None of ['Date'] are in the columns"
WARNING: sin telemetría para ANT vuelta 59.0 - "None of ['Date'] are in the columns"
WARNING: sin telemetría para ANT vuelta 60.0 - "None of ['Date'] are in the columns"
WARNING: sin telemetría para ANT vuelta 61.0 - "None of ['Date'] are in the columns"
WARNING: sin telemetría para ANT vuelta 62.0 - "None of ['Date'] are in the columns"
WARNING: sin telemetría para ANT vuelta 63.0 - "None of ['Date'] are in the columns"
WARNING: sin telemetría para ANT vuelta 64.0 - "None of ['Date'] are in the columns"
WARNING: sin telemetría para ANT vuelta 65.0 - "None of ['Date'] are in the columns"
WARNING: sin telemetría para ANT vuelta 66.0 - "None of ['Date'] are in the columns"
WARNING: sin telemetría para ANT vuelta 67.0 - "None of ['Date'] are in the columns"
WARNING: sin telemetría para ANT vuelta 68.0 - "None of ['Date'] are in the columns"
WARNING: sin telemetría para ANT vuelta 69.0 - "None of ['Date'] are in the columns"
WARNING: sin telemetría para ANT vuelta 70.0 - "None of ['Date'] are in the columns"
WARNING: sin telemetría para ANT vuelta 71.0 - "None of ['Date'] are in the columns"
WARNING: sin telemetría para ANT vuelta 72.0 - "None of ['Date'] are in the columns"
WARNING: sin telemetría para ANT vuelta 73.0 - "None of ['Date'] are in the columns"
WARNING: sin telemetría para ANT vuelta 74.0 - "None of ['Date'] are in the columns"
WARNING: sin telemetría para ANT vuelta 75.0 - "None of ['Date'] are in the columns"
WARNING: sin telemetría para ANT vuelta 76.0 - "None of ['Date'] are in the columns"
WARNING: sin telemetría para ANT vuelta 77.0 - "None of ['Date'] are in the columns"
WARNING: sin telemetría para ANT vuelta 78.0 - "None of ['Date'] are in the columns"
WARNING: sin telemetría para ALO vuelta 6.0 - "None of ['Date'] are in the columns"
WARNING: sin telemetría para ALO vuelta 7.0 - "None of ['Date'] are in the columns"
WARNING: sin telemetría para ALO vuelta 8.0 - "None of ['Date'] are in the columns"
WARNING: sin telemetría para ALO vuelta 9.0 - "None of ['Date'] are in the columns"
WARNING: sin telemetría para ALO vuelta 10.0 - "None of ['Date'] are in the columns"
WARNING: sin telemetría para ALO vuelta 11.0 - "None of ['Date'] are in the columns"
WARNING: sin telemetría para ALO vuelta 12.0 - "None of ['Date'] are in the columns"
WARNING: sin telemetría para ALO vuelta 13.0 - "None of ['Date'] are in the columns"
WARNING: sin telemetría para ALO vuelta 14.0 - "None of ['Date'] are in the columns"
WARNING: sin telemetría para ALO vuelta 15.0 - "None of ['Date'] are in the columns"
WARNING: sin telemetría para ALO vuelta 16.0 - "None of ['Date'] are in the columns"
WARNING: sin telemetría para ALO vuelta 17.0 - "None of ['Date'] are in the columns"
WARNING: sin telemetría para ALO vuelta 18.0 - "None of ['Date'] are in the columns"
WARNING: sin telemetría para ALO vuelta 19.0 - "None of ['Date'] are in the columns"
WARNING: sin telemetría para ALO vuelta 20.0 - "None of ['Date'] are in the columns"
WARNING: sin telemetría para ALO vuelta 21.0 - "None of ['Date'] are in the columns"
WARNING: sin telemetría para ALO vuelta 22.0 - "None of ['Date'] are in the columns"
WARNING: sin telemetría para ALO vuelta 23.0 - "None of ['Date'] are in the columns"
WARNING: sin telemetría para ALO vuelta 24.0 - "None of ['Date'] are in the columns"
WARNING: sin telemetría para ALO vuelta 25.0 - "None of ['Date'] are in the columns"
WARNING: sin telemetría para ALO vuelta 26.0 - "None of ['Date'] are in the columns"
WARNING: sin telemetría para ALO vuelta 27.0 - "None of ['Date'] are in the columns"
WARNING: sin telemetría para ALO vuelta 28.0 - "None of ['Date'] are in the columns"
WARNING: sin telemetría para ALO vuelta 29.0 - "None of ['Date'] are in the columns"
WARNING: sin telemetría para ALO vuelta 30.0 - "None of ['Date'] are in the columns"
WARNING: sin telemetría para ALO vuelta 31.0 - "None of ['Date'] are in the columns"
WARNING: sin telemetría para ALO vuelta 32.0 - "None of ['Date'] are in the columns"
WARNING: sin telemetría para ALO vuelta 33.0 - "None of ['Date'] are in the columns"
WARNING: sin telemetría para ALO vuelta 34.0 - "None of ['Date'] are in the columns"
WARNING: sin telemetría para ALO vuelta 35.0 - "None of ['Date'] are in the columns"
WARNING: sin telemetría para ALO vuelta 36.0 - "None of ['Date'] are in the columns"
WARNING: sin telemetría para ALO vuelta 37.0 - "None of ['Date'] are in the columns"
WARNING: sin telemetría para ALO vuelta 38.0 - "None of ['Date'] are in the columns"
WARNING: sin telemetría para ALO vuelta 39.0 - "None of ['Date'] are in the columns"
WARNING: sin telemetría para ALO vuelta 40.0 - "None of ['Date'] are in the columns"
WARNING: sin telemetría para ALO vuelta 41.0 - "None of ['Date'] are in the columns"
WARNING: sin telemetría para ALO vuelta 42.0 - "None of ['Date'] are in the columns"
WARNING: sin telemetría para ALO vuelta 44.0 - "None of ['Date'] are in the columns"
WARNING: sin telemetría para ALO vuelta 45.0 - "None of ['Date'] are in the columns"
WARNING: sin telemetría para ALO vuelta 46.0 - "None of ['Date'] are in the columns"
WARNING: sin telemetría para ALO vuelta 47.0 - "None of ['Date'] are in the columns"
WARNING: sin telemetría para ALO vuelta 48.0 - "None of ['Date'] are in the columns"
WARNING: sin telemetría para ALO vuelta 49.0 - "None of ['Date'] are in the columns"
WARNING: sin telemetría para ALO vuelta 50.0 - "None of ['Date'] are in the columns"
WARNING: sin telemetría para ALO vuelta 51.0 - "None of ['Date'] are in the columns"
WARNING: sin telemetría para ALO vuelta 52.0 - "None of ['Date'] are in the columns"
WARNING: sin telemetría para ALO vuelta 53.0 - "None of ['Date'] are in the columns"
WARNING: sin telemetría para ALO vuelta 54.0 - "None of ['Date'] are in the columns"
WARNING: sin telemetría para ALO vuelta 55.0 - "None of ['Date'] are in the columns"
WARNING: sin telemetría para ALO vuelta 56.0 - "None of ['Date'] are in the columns"
WARNING: sin telemetría para ALO vuelta 57.0 - "None of ['Date'] are in the columns"
WARNING: sin telemetría para ALO vuelta 58.0 - "None of ['Date'] are in the columns"
WARNING: sin telemetría para ALO vuelta 59.0 - "None of ['Date'] are in the columns"
WARNING: sin telemetría para ALO vuelta 60.0 - "None of ['Date'] are in the columns"
WARNING: sin telemetría para ALO vuelta 61.0 - "None of ['Date'] are in the columns"
WARNING: sin telemetría para ALO vuelta 62.0 - "None of ['Date'] are in the columns"
WARNING: sin telemetría para ALO vuelta 63.0 - "None of ['Date'] are in the columns"
WARNING: sin telemetría para ALO vuelta 64.0 - "None of ['Date'] are in the columns"
WARNING: sin telemetría para ALO vuelta 65.0 - "None of ['Date'] are in the columns"
WARNING: sin telemetría para ALO vuelta 66.0 - "None of ['Date'] are in the columns"
WARNING: sin telemetría para ALO vuelta 67.0 - "None of ['Date'] are in the columns"
WARNING: sin telemetría para ALO vuelta 68.0 - "None of ['Date'] are in the columns"
WARNING: sin telemetría para ALO vuelta 69.0 - "None of ['Date'] are in the columns"
WARNING: sin telemetría para ALO vuelta 70.0 - "None of ['Date'] are in the columns"
WARNING: sin telemetría para ALO vuelta 71.0 - "None of ['Date'] are in the columns"
WARNING: sin telemetría para ALO vuelta 72.0 - "None of ['Date'] are in the columns"
WARNING: sin telemetría para ALO vuelta 73.0 - "None of ['Date'] are in the columns"
WARNING: sin telemetría para ALO vuelta 74.0 - "None of ['Date'] are in the columns"
WARNING: sin telemetría para ALO vuelta 75.0 - "None of ['Date'] are in the columns"
WARNING: sin telemetría para ALO vuelta 76.0 - "None of ['Date'] are in the columns"
WARNING: sin telemetría para ALO vuelta 77.0 - "None of ['Date'] are in the columns"
WARNING: sin telemetría para ALO vuelta 78.0 - "None of ['Date'] are in the columns"
WARNING: sin telemetría para LEC vuelta 6.0 - "None of ['Date'] are in the columns"
WARNING: sin telemetría para LEC vuelta 7.0 - "None of ['Date'] are in the columns"
WARNING: sin telemetría para LEC vuelta 8.0 - "None of ['Date'] are in the columns"
WARNING: sin telemetría para LEC vuelta 9.0 - "None of ['Date'] are in the columns"
WARNING: sin telemetría para LEC vuelta 10.0 - "None of ['Date'] are in the columns"
WARNING: sin telemetría para LEC vuelta 11.0 - "None of ['Date'] are in the columns"
WARNING: sin telemetría para LEC vuelta 12.0 - "None of ['Date'] are in the columns"
WARNING: sin telemetría para LEC vuelta 13.0 - "None of ['Date'] are in the columns"
WARNING: sin telemetría para LEC vuelta 14.0 - "None of ['Date'] are in the columns"
WARNING: sin telemetría para LEC vuelta 15.0 - "None of ['Date'] are in the columns"
WARNING: sin telemetría para LEC vuelta 16.0 - "None of ['Date'] are in the columns"
WARNING: sin telemetría para LEC vuelta 17.0 - "None of ['Date'] are in the columns"
WARNING: sin telemetría para LEC vuelta 18.0 - "None of ['Date'] are in the columns"
WARNING: sin telemetría para LEC vuelta 19.0 - "None of ['Date'] are in the columns"
WARNING: sin telemetría para LEC vuelta 20.0 - "None of ['Date'] are in the columns"
WARNING: sin telemetría para LEC vuelta 21.0 - "None of ['Date'] are in the columns"
WARNING: sin telemetría para LEC vuelta 22.0 - "None of ['Date'] are in the columns"
WARNING: sin telemetría para LEC vuelta 23.0 - "None of ['Date'] are in the columns"
WARNING: sin telemetría para LEC vuelta 24.0 - "None of ['Date'] are in the columns"
WARNING: sin telemetría para LEC vuelta 25.0 - "None of ['Date'] are in the columns"
WARNING: sin telemetría para LEC vuelta 26.0 - "None of ['Date'] are in the columns"
WARNING: sin telemetría para LEC vuelta 27.0 - "None of ['Date'] are in the columns"
WARNING: sin telemetría para LEC vuelta 28.0 - "None of ['Date'] are in the columns"
WARNING: sin telemetría para LEC vuelta 29.0 - "None of ['Date'] are in the columns"
WARNING: sin telemetría para LEC vuelta 30.0 - "None of ['Date'] are in the columns"
WARNING: sin telemetría para LEC vuelta 31.0 - "None of ['Date'] are in the columns"
WARNING: sin telemetría para LEC vuelta 32.0 - "None of ['Date'] are in the columns"
WARNING: sin telemetría para LEC vuelta 33.0 - "None of ['Date'] are in the columns"
WARNING: sin telemetría para LEC vuelta 34.0 - "None of ['Date'] are in the columns"
WARNING: sin telemetría para LEC vuelta 35.0 - "None of ['Date'] are in the columns"
WARNING: sin telemetría para LEC vuelta 36.0 - "None of ['Date'] are in the columns"
WARNING: sin telemetría para LEC vuelta 37.0 - "None of ['Date'] are in the columns"
WARNING: sin telemetría para LEC vuelta 38.0 - "None of ['Date'] are in the columns"
WARNING: sin telemetría para LEC vuelta 39.0 - "None of ['Date'] are in the columns"
WARNING: sin telemetría para LEC vuelta 40.0 - "None of ['Date'] are in the columns"
WARNING: sin telemetría para LEC vuelta 41.0 - "None of ['Date'] are in the columns"
WARNING: sin telemetría para LEC vuelta 42.0 - "None of ['Date'] are in the columns"
WARNING: sin telemetría para LEC vuelta 43.0 - "None of ['Date'] are in the columns"
WARNING: sin telemetría para LEC vuelta 45.0 - "None of ['Date'] are in the columns"
WARNING: sin telemetría para LEC vuelta 46.0 - "None of ['Date'] are in the columns"
WARNING: sin telemetría para LEC vuelta 47.0 - "None of ['Date'] are in the columns"
WARNING: sin telemetría para LEC vuelta 48.0 - "None of ['Date'] are in the columns"
WARNING: sin telemetría para LEC vuelta 49.0 - "None of ['Date'] are in the columns"
WARNING: sin telemetría para LEC vuelta 50.0 - "None of ['Date'] are in the columns"
WARNING: sin telemetría para LEC vuelta 51.0 - "None of ['Date'] are in the columns"
WARNING: sin telemetría para LEC vuelta 52.0 - "None of ['Date'] are in the columns"
WARNING: sin telemetría para LEC vuelta 53.0 - "None of ['Date'] are in the columns"
WARNING: sin telemetría para LEC vuelta 54.0 - "None of ['Date'] are in the columns"
WARNING: sin telemetría para LEC vuelta 55.0 - "None of ['Date'] are in the columns"
WARNING: sin telemetría para LEC vuelta 56.0 - "None of ['Date'] are in the columns"
WARNING: sin telemetría para LEC vuelta 57.0 - "None of ['Date'] are in the columns"
WARNING: sin telemetría para LEC vuelta 58.0 - "None of ['Date'] are in the columns"
WARNING: sin telemetría para LEC vuelta 59.0 - "None of ['Date'] are in the columns"
WARNING: sin telemetría para LEC vuelta 60.0 - "None of ['Date'] are in the columns"
WARNING: sin telemetría para LEC vuelta 61.0 - "None of ['Date'] are in the columns"
WARNING: sin telemetría para LEC vuelta 62.0 - "None of ['Date'] are in the columns"
WARNING: sin telemetría para LEC vuelta 63.0 - "None of ['Date'] are in the columns"
WARNING: sin telemetría para LEC vuelta 64.0 - "None of ['Date'] are in the columns"
WARNING: sin telemetría para LEC vuelta 65.0 - "None of ['Date'] are in the columns"
WARNING: sin telemetría para STR vuelta 6.0 - "None of ['Date'] are in the columns"
WARNING: sin telemetría para STR vuelta 7.0 - "None of ['Date'] are in the columns"
WARNING: sin telemetría para STR vuelta 8.0 - "None of ['Date'] are in the columns"
WARNING: sin telemetría para STR vuelta 9.0 - "None of ['Date'] are in the columns"
WARNING: sin telemetría para STR vuelta 10.0 - "None of ['Date'] are in the columns"
WARNING: sin telemetría para STR vuelta 11.0 - "None of ['Date'] are in the columns"
WARNING: sin telemetría para STR vuelta 12.0 - "None of ['Date'] are in the columns"
WARNING: sin telemetría para STR vuelta 13.0 - "None of ['Date'] are in the columns"
WARNING: sin telemetría para STR vuelta 14.0 - "None of ['Date'] are in the columns"
WARNING: sin telemetría para STR vuelta 15.0 - "None of ['Date'] are in the columns"
WARNING: sin telemetría para STR vuelta 16.0 - "None of ['Date'] are in the columns"
WARNING: sin telemetría para STR vuelta 17.0 - "None of ['Date'] are in the columns"
WARNING: sin telemetría para STR vuelta 18.0 - "None of ['Date'] are in the columns"
WARNING: sin telemetría para STR vuelta 19.0 - "None of ['Date'] are in the columns"
WARNING: sin telemetría para STR vuelta 20.0 - "None of ['Date'] are in the columns"
WARNING: sin telemetría para STR vuelta 21.0 - "None of ['Date'] are in the columns"
WARNING: sin telemetría para STR vuelta 22.0 - "None of ['Date'] are in the columns"
WARNING: sin telemetría para STR vuelta 23.0 - "None of ['Date'] are in the columns"
WARNING: sin telemetría para STR vuelta 24.0 - "None of ['Date'] are in the columns"
WARNING: sin telemetría para STR vuelta 25.0 - "None of ['Date'] are in the columns"
WARNING: sin telemetría para STR vuelta 26.0 - "None of ['Date'] are in the columns"
WARNING: sin telemetría para STR vuelta 27.0 - "None of ['Date'] are in the columns"
WARNING: sin telemetría para STR vuelta 28.0 - "None of ['Date'] are in the columns"
WARNING: sin telemetría para STR vuelta 29.0 - "None of ['Date'] are in the columns"
WARNING: sin telemetría para STR vuelta 30.0 - "None of ['Date'] are in the columns"
WARNING: sin telemetría para STR vuelta 31.0 - "None of ['Date'] are in the columns"
WARNING: sin telemetría para STR vuelta 32.0 - "None of ['Date'] are in the columns"
WARNING: sin telemetría para STR vuelta 33.0 - "None of ['Date'] are in the columns"
WARNING: sin telemetría para STR vuelta 34.0 - "None of ['Date'] are in the columns"
WARNING: sin telemetría para STR vuelta 35.0 - "None of ['Date'] are in the columns"
WARNING: sin telemetría para STR vuelta 36.0 - "None of ['Date'] are in the columns"
WARNING: sin telemetría para STR vuelta 37.0 - "None of ['Date'] are in the columns"
WARNING: sin telemetría para STR vuelta 38.0 - "None of ['Date'] are in the columns"
WARNING: sin telemetría para STR vuelta 39.0 - "None of ['Date'] are in the columns"
WARNING: sin telemetría para STR vuelta 40.0 - "None of ['Date'] are in the columns"
WARNING: sin telemetría para STR vuelta 41.0 - "None of ['Date'] are in the columns"
WARNING: sin telemetría para STR vuelta 42.0 - "None of ['Date'] are in the columns"
WARNING: sin telemetría para STR vuelta 44.0 - "None of ['Date'] are in the columns"
WARNING: sin telemetría para STR vuelta 45.0 - "None of ['Date'] are in the columns"
WARNING: sin telemetría para STR vuelta 46.0 - "None of ['Date'] are in the columns"
WARNING: sin telemetría para STR vuelta 47.0 - "None of ['Date'] are in the columns"
WARNING: sin telemetría para STR vuelta 48.0 - "None of ['Date'] are in the columns"
WARNING: sin telemetría para STR vuelta 49.0 - "None of ['Date'] are in the columns"
WARNING: sin telemetría para STR vuelta 50.0 - "None of ['Date'] are in the columns"
WARNING: sin telemetría para STR vuelta 51.0 - "None of ['Date'] are in the columns"
WARNING: sin telemetría para STR vuelta 52.0 - "None of ['Date'] are in the columns"
WARNING: sin telemetría para STR vuelta 53.0 - "None of ['Date'] are in the columns"
WARNING: sin telemetría para STR vuelta 54.0 - "None of ['Date'] are in the columns"
WARNING: sin telemetría para STR vuelta 55.0 - "None of ['Date'] are in the columns"
WARNING: sin telemetría para STR vuelta 56.0 - "None of ['Date'] are in the columns"
WARNING: sin telemetría para STR vuelta 57.0 - "None of ['Date'] are in the columns"
WARNING: sin telemetría para ALB vuelta 6.0 - "None of ['Date'] are in the columns"
WARNING: sin telemetría para ALB vuelta 7.0 - "None of ['Date'] are in the columns"
WARNING: sin telemetría para ALB vuelta 8.0 - "None of ['Date'] are in the columns"
WARNING: sin telemetría para ALB vuelta 9.0 - "None of ['Date'] are in the columns"
WARNING: sin telemetría para ALB vuelta 10.0 - "None of ['Date'] are in the columns"
WARNING: sin telemetría para ALB vuelta 11.0 - "None of ['Date'] are in the columns"
WARNING: sin telemetría para ALB vuelta 12.0 - "None of ['Date'] are in the columns"
WARNING: sin telemetría para ALB vuelta 13.0 - "None of ['Date'] are in the columns"
WARNING: sin telemetría para ALB vuelta 14.0 - "None of ['Date'] are in the columns"
WARNING: sin telemetría para ALB vuelta 15.0 - "None of ['Date'] are in the columns"
WARNING: sin telemetría para ALB vuelta 16.0 - "None of ['Date'] are in the columns"
WARNING: sin telemetría para ALB vuelta 17.0 - "None of ['Date'] are in the columns"
WARNING: sin telemetría para ALB vuelta 18.0 - "None of ['Date'] are in the columns"
WARNING: sin telemetría para ALB vuelta 19.0 - "None of ['Date'] are in the columns"
WARNING: sin telemetría para ALB vuelta 20.0 - "None of ['Date'] are in the columns"
WARNING: sin telemetría para ALB vuelta 21.0 - "None of ['Date'] are in the columns"
WARNING: sin telemetría para ALB vuelta 22.0 - "None of ['Date'] are in the columns"
WARNING: sin telemetría para ALB vuelta 23.0 - "None of ['Date'] are in the columns"
WARNING: sin telemetría para ALB vuelta 24.0 - "None of ['Date'] are in the columns"
WARNING: sin telemetría para ALB vuelta 25.0 - "None of ['Date'] are in the columns"
WARNING: sin telemetría para ALB vuelta 26.0 - "None of ['Date'] are in the columns"
WARNING: sin telemetría para ALB vuelta 27.0 - "None of ['Date'] are in the columns"
WARNING: sin telemetría para ALB vuelta 28.0 - "None of ['Date'] are in the columns"
WARNING: sin telemetría para ALB vuelta 29.0 - "None of ['Date'] are in the columns"
WARNING: sin telemetría para ALB vuelta 30.0 - "None of ['Date'] are in the columns"
WARNING: sin telemetría para ALB vuelta 31.0 - "None of ['Date'] are in the columns"
WARNING: sin telemetría para ALB vuelta 32.0 - "None of ['Date'] are in the columns"
WARNING: sin telemetría para ALB vuelta 33.0 - "None of ['Date'] are in the columns"
WARNING: sin telemetría para ALB vuelta 34.0 - "None of ['Date'] are in the columns"
WARNING: sin telemetría para ALB vuelta 35.0 - "None of ['Date'] are in the columns"
WARNING: sin telemetría para ALB vuelta 36.0 - "None of ['Date'] are in the columns"
WARNING: sin telemetría para ALB vuelta 37.0 - "None of ['Date'] are in the columns"
WARNING: sin telemetría para ALB vuelta 38.0 - "None of ['Date'] are in the columns"
WARNING: sin telemetría para ALB vuelta 39.0 - "None of ['Date'] are in the columns"
WARNING: sin telemetría para ALB vuelta 40.0 - "None of ['Date'] are in the columns"
WARNING: sin telemetría para ALB vuelta 41.0 - "None of ['Date'] are in the columns"
WARNING: sin telemetría para ALB vuelta 42.0 - "None of ['Date'] are in the columns"
WARNING: sin telemetría para ALB vuelta 44.0 - "None of ['Date'] are in the columns"
WARNING: sin telemetría para ALB vuelta 45.0 - "None of ['Date'] are in the columns"
WARNING: sin telemetría para ALB vuelta 46.0 - "None of ['Date'] are in the columns"
WARNING: sin telemetría para ALB vuelta 47.0 - "None of ['Date'] are in the columns"
WARNING: sin telemetría para ALB vuelta 48.0 - "None of ['Date'] are in the columns"
WARNING: sin telemetría para ALB vuelta 49.0 - "None of ['Date'] are in the columns"
WARNING: sin telemetría para ALB vuelta 50.0 - "None of ['Date'] are in the columns"
WARNING: sin telemetría para ALB vuelta 51.0 - "None of ['Date'] are in the columns"
WARNING: sin telemetría para ALB vuelta 52.0 - "None of ['Date'] are in the columns"
WARNING: sin telemetría para ALB vuelta 53.0 - "None of ['Date'] are in the columns"
WARNING: sin telemetría para ALB vuelta 54.0 - "None of ['Date'] are in the columns"
WARNING: sin telemetría para ALB vuelta 55.0 - "None of ['Date'] are in the columns"
WARNING: sin telemetría para ALB vuelta 56.0 - "None of ['Date'] are in the columns"
WARNING: sin telemetría para ALB vuelta 57.0 - "None of ['Date'] are in the columns"
WARNING: sin telemetría para ALB vuelta 58.0 - "None of ['Date'] are in the columns"
WARNING: sin telemetría para ALB vuelta 59.0 - "None of ['Date'] are in the columns"
WARNING: sin telemetría para ALB vuelta 60.0 - "None of ['Date'] are in the columns"
WARNING: sin telemetría para ALB vuelta 61.0 - "None of ['Date'] are in the columns"
WARNING: sin telemetría para ALB vuelta 62.0 - "None of ['Date'] are in the columns"
WARNING: sin telemetría para ALB vuelta 63.0 - "None of ['Date'] are in the columns"
WARNING: sin telemetría para ALB vuelta 64.0 - "None of ['Date'] are in the columns"
WARNING: sin telemetría para ALB vuelta 65.0 - "None of ['Date'] are in the columns"
WARNING: sin telemetría para ALB vuelta 66.0 - "None of ['Date'] are in the columns"
WARNING: sin telemetría para ALB vuelta 67.0 - "None of ['Date'] are in the columns"
WARNING: sin telemetría para ALB vuelta 68.0 - "None of ['Date'] are in the columns"
WARNING: sin telemetría para ALB vuelta 69.0 - "None of ['Date'] are in the columns"
WARNING: sin telemetría para ALB vuelta 70.0 - "None of ['Date'] are in the columns"
WARNING: sin telemetría para ALB vuelta 71.0 - "None of ['Date'] are in the columns"
WARNING: sin telemetría para ALB vuelta 72.0 - "None of ['Date'] are in the columns"
WARNING: sin telemetría para ALB vuelta 73.0 - "None of ['Date'] are in the columns"
WARNING: sin telemetría para ALB vuelta 74.0 - "None of ['Date'] are in the columns"
WARNING: sin telemetría para ALB vuelta 75.0 - "None of ['Date'] are in the columns"
WARNING: sin telemetría para ALB vuelta 76.0 - "None of ['Date'] are in the columns"
WARNING: sin telemetría para ALB vuelta 77.0 - "None of ['Date'] are in the columns"
WARNING: sin telemetría para ALB vuelta 78.0 - "None of ['Date'] are in the columns"
WARNING: sin telemetría para HUL vuelta 6.0 - "None of ['Date'] are in the columns"
WARNING: sin telemetría para HUL vuelta 7.0 - "None of ['Date'] are in the columns"
WARNING: sin telemetría para HUL vuelta 8.0 - "None of ['Date'] are in the columns"
WARNING: sin telemetría para HUL vuelta 9.0 - "None of ['Date'] are in the columns"
WARNING: sin telemetría para HUL vuelta 10.0 - "None of ['Date'] are in the columns"
WARNING: sin telemetría para HUL vuelta 11.0 - "None of ['Date'] are in the columns"
WARNING: sin telemetría para HUL vuelta 12.0 - "None of ['Date'] are in the columns"
WARNING: sin telemetría para HUL vuelta 13.0 - "None of ['Date'] are in the columns"
WARNING: sin telemetría para HUL vuelta 14.0 - "None of ['Date'] are in the columns"
WARNING: sin telemetría para HUL vuelta 15.0 - "None of ['Date'] are in the columns"
WARNING: sin telemetría para HUL vuelta 16.0 - "None of ['Date'] are in the columns"
WARNING: sin telemetría para HUL vuelta 17.0 - "None of ['Date'] are in the columns"
WARNING: sin telemetría para HUL vuelta 18.0 - "None of ['Date'] are in the columns"
WARNING: sin telemetría para HUL vuelta 19.0 - "None of ['Date'] are in the columns"
WARNING: sin telemetría para HUL vuelta 20.0 - "None of ['Date'] are in the columns"
WARNING: sin telemetría para HUL vuelta 21.0 - "None of ['Date'] are in the columns"
WARNING: sin telemetría para HUL vuelta 22.0 - "None of ['Date'] are in the columns"
WARNING: sin telemetría para HUL vuelta 23.0 - "None of ['Date'] are in the columns"
WARNING: sin telemetría para HUL vuelta 24.0 - "None of ['Date'] are in the columns"
WARNING: sin telemetría para HUL vuelta 25.0 - "None of ['Date'] are in the columns"
WARNING: sin telemetría para HUL vuelta 26.0 - "None of ['Date'] are in the columns"
WARNING: sin telemetría para HUL vuelta 27.0 - "None of ['Date'] are in the columns"
WARNING: sin telemetría para HUL vuelta 28.0 - "None of ['Date'] are in the columns"
WARNING: sin telemetría para HUL vuelta 29.0 - "None of ['Date'] are in the columns"
WARNING: sin telemetría para HUL vuelta 30.0 - "None of ['Date'] are in the columns"
WARNING: sin telemetría para HUL vuelta 31.0 - "None of ['Date'] are in the columns"
WARNING: sin telemetría para HUL vuelta 32.0 - "None of ['Date'] are in the columns"
WARNING: sin telemetría para HUL vuelta 33.0 - "None of ['Date'] are in the columns"
WARNING: sin telemetría para HUL vuelta 34.0 - "None of ['Date'] are in the columns"
WARNING: sin telemetría para HUL vuelta 35.0 - "None of ['Date'] are in the columns"
WARNING: sin telemetría para HUL vuelta 36.0 - "None of ['Date'] are in the columns"
WARNING: sin telemetría para HUL vuelta 37.0 - "None of ['Date'] are in the columns"
WARNING: sin telemetría para HUL vuelta 38.0 - "None of ['Date'] are in the columns"
WARNING: sin telemetría para HUL vuelta 39.0 - "None of ['Date'] are in the columns"
WARNING: sin telemetría para HUL vuelta 40.0 - "None of ['Date'] are in the columns"
WARNING: sin telemetría para HUL vuelta 41.0 - "None of ['Date'] are in the columns"
WARNING: sin telemetría para HUL vuelta 42.0 - "None of ['Date'] are in the columns"
WARNING: sin telemetría para HUL vuelta 44.0 - "None of ['Date'] are in the columns"
WARNING: sin telemetría para HUL vuelta 45.0 - "None of ['Date'] are in the columns"
WARNING: sin telemetría para HUL vuelta 46.0 - "None of ['Date'] are in the columns"
WARNING: sin telemetría para HUL vuelta 47.0 - "None of ['Date'] are in the columns"
WARNING: sin telemetría para HUL vuelta 48.0 - "None of ['Date'] are in the columns"
WARNING: sin telemetría para HUL vuelta 49.0 - "None of ['Date'] are in the columns"
WARNING: sin telemetría para HUL vuelta 50.0 - "None of ['Date'] are in the columns"
WARNING: sin telemetría para HUL vuelta 51.0 - "None of ['Date'] are in the columns"
WARNING: sin telemetría para HUL vuelta 52.0 - "None of ['Date'] are in the columns"
WARNING: sin telemetría para HUL vuelta 53.0 - "None of ['Date'] are in the columns"
WARNING: sin telemetría para HUL vuelta 54.0 - "None of ['Date'] are in the columns"
WARNING: sin telemetría para HUL vuelta 55.0 - "None of ['Date'] are in the columns"
WARNING: sin telemetría para HUL vuelta 56.0 - "None of ['Date'] are in the columns"
WARNING: sin telemetría para HUL vuelta 57.0 - "None of ['Date'] are in the columns"
WARNING: sin telemetría para HUL vuelta 58.0 - "None of ['Date'] are in the columns"
WARNING: sin telemetría para HUL vuelta 59.0 - "None of ['Date'] are in the columns"
WARNING: sin telemetría para HUL vuelta 60.0 - "None of ['Date'] are in the columns"
WARNING: sin telemetría para HUL vuelta 61.0 - "None of ['Date'] are in the columns"
WARNING: sin telemetría para HUL vuelta 62.0 - "None of ['Date'] are in the columns"
WARNING: sin telemetría para HUL vuelta 63.0 - "None of ['Date'] are in the columns"
WARNING: sin telemetría para HUL vuelta 64.0 - "None of ['Date'] are in the columns"
WARNING: sin telemetría para HUL vuelta 65.0 - "None of ['Date'] are in the columns"
WARNING: sin telemetría para HUL vuelta 66.0 - "None of ['Date'] are in the columns"
WARNING: sin telemetría para HUL vuelta 67.0 - "None of ['Date'] are in the columns"
WARNING: sin telemetría para HUL vuelta 68.0 - "None of ['Date'] are in the columns"
WARNING: sin telemetría para HUL vuelta 69.0 - "None of ['Date'] are in the columns"
WARNING: sin telemetría para HUL vuelta 70.0 - "None of ['Date'] are in the columns"
WARNING: sin telemetría para HUL vuelta 71.0 - "None of ['Date'] are in the columns"
WARNING: sin telemetría para HUL vuelta 72.0 - "None of ['Date'] are in the columns"
WARNING: sin telemetría para HUL vuelta 73.0 - "None of ['Date'] are in the columns"
WARNING: sin telemetría para HUL vuelta 74.0 - "None of ['Date'] are in the columns"
WARNING: sin telemetría para HUL vuelta 75.0 - "None of ['Date'] are in the columns"
WARNING: sin telemetría para HUL vuelta 76.0 - "None of ['Date'] are in the columns"
WARNING: sin telemetría para HUL vuelta 77.0 - "None of ['Date'] are in the columns"
WARNING: sin telemetría para HUL vuelta 78.0 - "None of ['Date'] are in the columns"
WARNING: sin telemetría para LAW vuelta 6.0 - "None of ['Date'] are in the columns"
WARNING: sin telemetría para LAW vuelta 7.0 - "None of ['Date'] are in the columns"
WARNING: sin telemetría para LAW vuelta 8.0 - "None of ['Date'] are in the columns"
WARNING: sin telemetría para LAW vuelta 9.0 - "None of ['Date'] are in the columns"
WARNING: sin telemetría para LAW vuelta 10.0 - "None of ['Date'] are in the columns"
WARNING: sin telemetría para LAW vuelta 11.0 - "None of ['Date'] are in the columns"
WARNING: sin telemetría para LAW vuelta 12.0 - "None of ['Date'] are in the columns"
WARNING: sin telemetría para LAW vuelta 13.0 - "None of ['Date'] are in the columns"
WARNING: sin telemetría para LAW vuelta 14.0 - "None of ['Date'] are in the columns"
WARNING: sin telemetría para LAW vuelta 15.0 - "None of ['Date'] are in the columns"
WARNING: sin telemetría para LAW vuelta 16.0 - "None of ['Date'] are in the columns"
WARNING: sin telemetría para LAW vuelta 17.0 - "None of ['Date'] are in the columns"
WARNING: sin telemetría para LAW vuelta 18.0 - "None of ['Date'] are in the columns"
WARNING: sin telemetría para LAW vuelta 19.0 - "None of ['Date'] are in the columns"
WARNING: sin telemetría para LAW vuelta 20.0 - "None of ['Date'] are in the columns"
WARNING: sin telemetría para LAW vuelta 21.0 - "None of ['Date'] are in the columns"
WARNING: sin telemetría para LAW vuelta 22.0 - "None of ['Date'] are in the columns"
WARNING: sin telemetría para LAW vuelta 23.0 - "None of ['Date'] are in the columns"
WARNING: sin telemetría para LAW vuelta 24.0 - "None of ['Date'] are in the columns"
WARNING: sin telemetría para LAW vuelta 25.0 - "None of ['Date'] are in the columns"
WARNING: sin telemetría para LAW vuelta 26.0 - "None of ['Date'] are in the columns"
WARNING: sin telemetría para LAW vuelta 27.0 - "None of ['Date'] are in the columns"
WARNING: sin telemetría para LAW vuelta 28.0 - "None of ['Date'] are in the columns"
WARNING: sin telemetría para LAW vuelta 29.0 - "None of ['Date'] are in the columns"
WARNING: sin telemetría para LAW vuelta 30.0 - "None of ['Date'] are in the columns"
WARNING: sin telemetría para LAW vuelta 31.0 - "None of ['Date'] are in the columns"
WARNING: sin telemetría para LAW vuelta 32.0 - "None of ['Date'] are in the columns"
WARNING: sin telemetría para LAW vuelta 33.0 - "None of ['Date'] are in the columns"
WARNING: sin telemetría para LAW vuelta 34.0 - "None of ['Date'] are in the columns"
WARNING: sin telemetría para LAW vuelta 35.0 - "None of ['Date'] are in the columns"
WARNING: sin telemetría para LAW vuelta 36.0 - "None of ['Date'] are in the columns"
WARNING: sin telemetría para LAW vuelta 37.0 - "None of ['Date'] are in the columns"
WARNING: sin telemetría para LAW vuelta 38.0 - "None of ['Date'] are in the columns"
WARNING: sin telemetría para LAW vuelta 39.0 - "None of ['Date'] are in the columns"
WARNING: sin telemetría para LAW vuelta 40.0 - "None of ['Date'] are in the columns"
WARNING: sin telemetría para LAW vuelta 41.0 - "None of ['Date'] are in the columns"
WARNING: sin telemetría para LAW vuelta 42.0 - "None of ['Date'] are in the columns"
WARNING: sin telemetría para LAW vuelta 45.0 - "None of ['Date'] are in the columns"
WARNING: sin telemetría para LAW vuelta 46.0 - "None of ['Date'] are in the columns"
WARNING: sin telemetría para LAW vuelta 47.0 - "None of ['Date'] are in the columns"
WARNING: sin telemetría para LAW vuelta 48.0 - "None of ['Date'] are in the columns"
WARNING: sin telemetría para LAW vuelta 49.0 - "None of ['Date'] are in the columns"
WARNING: sin telemetría para LAW vuelta 50.0 - "None of ['Date'] are in the columns"
WARNING: sin telemetría para LAW vuelta 51.0 - "None of ['Date'] are in the columns"
WARNING: sin telemetría para LAW vuelta 52.0 - "None of ['Date'] are in the columns"
WARNING: sin telemetría para LAW vuelta 53.0 - "None of ['Date'] are in the columns"
WARNING: sin telemetría para LAW vuelta 54.0 - "None of ['Date'] are in the columns"
WARNING: sin telemetría para LAW vuelta 55.0 - "None of ['Date'] are in the columns"
WARNING: sin telemetría para LAW vuelta 56.0 - "None of ['Date'] are in the columns"
WARNING: sin telemetría para LAW vuelta 57.0 - "None of ['Date'] are in the columns"
WARNING: sin telemetría para LAW vuelta 58.0 - "None of ['Date'] are in the columns"
WARNING: sin telemetría para LAW vuelta 59.0 - "None of ['Date'] are in the columns"
WARNING: sin telemetría para LAW vuelta 60.0 - "None of ['Date'] are in the columns"
WARNING: sin telemetría para LAW vuelta 61.0 - "None of ['Date'] are in the columns"
WARNING: sin telemetría para LAW vuelta 62.0 - "None of ['Date'] are in the columns"
WARNING: sin telemetría para LAW vuelta 63.0 - "None of ['Date'] are in the columns"
WARNING: sin telemetría para LAW vuelta 64.0 - "None of ['Date'] are in the columns"
WARNING: sin telemetría para LAW vuelta 65.0 - "None of ['Date'] are in the columns"
WARNING: sin telemetría para LAW vuelta 66.0 - "None of ['Date'] are in the columns"
WARNING: sin telemetría para LAW vuelta 67.0 - "None of ['Date'] are in the columns"
WARNING: sin telemetría para LAW vuelta 68.0 - "None of ['Date'] are in the columns"
WARNING: sin telemetría para LAW vuelta 69.0 - "None of ['Date'] are in the columns"
WARNING: sin telemetría para LAW vuelta 70.0 - "None of ['Date'] are in the columns"
WARNING: sin telemetría para LAW vuelta 71.0 - "None of ['Date'] are in the columns"
WARNING: sin telemetría para LAW vuelta 72.0 - "None of ['Date'] are in the columns"
WARNING: sin telemetría para LAW vuelta 73.0 - "None of ['Date'] are in the columns"
WARNING: sin telemetría para LAW vuelta 74.0 - "None of ['Date'] are in the columns"
WARNING: sin telemetría para LAW vuelta 75.0 - "None of ['Date'] are in the columns"
WARNING: sin telemetría para LAW vuelta 76.0 - "None of ['Date'] are in the columns"
WARNING: sin telemetría para LAW vuelta 77.0 - "None of ['Date'] are in the columns"
WARNING: sin telemetría para LAW vuelta 78.0 - "None of ['Date'] are in the columns"
WARNING: sin telemetría para OCO vuelta 6.0 - "None of ['Date'] are in the columns"
WARNING: sin telemetría para OCO vuelta 7.0 - "None of ['Date'] are in the columns"
WARNING: sin telemetría para OCO vuelta 8.0 - "None of ['Date'] are in the columns"
WARNING: sin telemetría para OCO vuelta 9.0 - "None of ['Date'] are in the columns"
WARNING: sin telemetría para OCO vuelta 10.0 - "None of ['Date'] are in the columns"
WARNING: sin telemetría para OCO vuelta 11.0 - "None of ['Date'] are in the columns"
WARNING: sin telemetría para OCO vuelta 12.0 - "None of ['Date'] are in the columns"
WARNING: sin telemetría para OCO vuelta 13.0 - "None of ['Date'] are in the columns"
WARNING: sin telemetría para OCO vuelta 14.0 - "None of ['Date'] are in the columns"
WARNING: sin telemetría para OCO vuelta 15.0 - "None of ['Date'] are in the columns"
WARNING: sin telemetría para OCO vuelta 16.0 - "None of ['Date'] are in the columns"
WARNING: sin telemetría para OCO vuelta 17.0 - "None of ['Date'] are in the columns"
WARNING: sin telemetría para OCO vuelta 18.0 - "None of ['Date'] are in the columns"
WARNING: sin telemetría para OCO vuelta 19.0 - "None of ['Date'] are in the columns"
WARNING: sin telemetría para OCO vuelta 20.0 - "None of ['Date'] are in the columns"
WARNING: sin telemetría para OCO vuelta 21.0 - "None of ['Date'] are in the columns"
WARNING: sin telemetría para OCO vuelta 22.0 - "None of ['Date'] are in the columns"
WARNING: sin telemetría para OCO vuelta 23.0 - "None of ['Date'] are in the columns"
WARNING: sin telemetría para OCO vuelta 24.0 - "None of ['Date'] are in the columns"
WARNING: sin telemetría para OCO vuelta 25.0 - "None of ['Date'] are in the columns"
WARNING: sin telemetría para OCO vuelta 26.0 - "None of ['Date'] are in the columns"
WARNING: sin telemetría para OCO vuelta 27.0 - "None of ['Date'] are in the columns"
WARNING: sin telemetría para OCO vuelta 28.0 - "None of ['Date'] are in the columns"
WARNING: sin telemetría para OCO vuelta 29.0 - "None of ['Date'] are in the columns"
WARNING: sin telemetría para OCO vuelta 30.0 - "None of ['Date'] are in the columns"
WARNING: sin telemetría para OCO vuelta 31.0 - "None of ['Date'] are in the columns"
WARNING: sin telemetría para OCO vuelta 32.0 - "None of ['Date'] are in the columns"
WARNING: sin telemetría para OCO vuelta 33.0 - "None of ['Date'] are in the columns"
WARNING: sin telemetría para OCO vuelta 34.0 - "None of ['Date'] are in the columns"
WARNING: sin telemetría para OCO vuelta 35.0 - "None of ['Date'] are in the columns"
WARNING: sin telemetría para OCO vuelta 36.0 - "None of ['Date'] are in the columns"
WARNING: sin telemetría para OCO vuelta 37.0 - "None of ['Date'] are in the columns"
WARNING: sin telemetría para OCO vuelta 38.0 - "None of ['Date'] are in the columns"
WARNING: sin telemetría para OCO vuelta 39.0 - "None of ['Date'] are in the columns"
WARNING: sin telemetría para OCO vuelta 40.0 - "None of ['Date'] are in the columns"
WARNING: sin telemetría para OCO vuelta 41.0 - "None of ['Date'] are in the columns"
WARNING: sin telemetría para OCO vuelta 42.0 - "None of ['Date'] are in the columns"
WARNING: sin telemetría para OCO vuelta 44.0 - "None of ['Date'] are in the columns"
WARNING: sin telemetría para OCO vuelta 45.0 - "None of ['Date'] are in the columns"
WARNING: sin telemetría para OCO vuelta 46.0 - "None of ['Date'] are in the columns"
WARNING: sin telemetría para OCO vuelta 47.0 - "None of ['Date'] are in the columns"
WARNING: sin telemetría para OCO vuelta 48.0 - "None of ['Date'] are in the columns"
WARNING: sin telemetría para OCO vuelta 49.0 - "None of ['Date'] are in the columns"
WARNING: sin telemetría para OCO vuelta 50.0 - "None of ['Date'] are in the columns"
WARNING: sin telemetría para OCO vuelta 51.0 - "None of ['Date'] are in the columns"
WARNING: sin telemetría para OCO vuelta 52.0 - "None of ['Date'] are in the columns"
WARNING: sin telemetría para OCO vuelta 53.0 - "None of ['Date'] are in the columns"
WARNING: sin telemetría para OCO vuelta 54.0 - "None of ['Date'] are in the columns"
WARNING: sin telemetría para OCO vuelta 55.0 - "None of ['Date'] are in the columns"
WARNING: sin telemetría para OCO vuelta 56.0 - "None of ['Date'] are in the columns"
WARNING: sin telemetría para OCO vuelta 57.0 - "None of ['Date'] are in the columns"
WARNING: sin telemetría para OCO vuelta 58.0 - "None of ['Date'] are in the columns"
WARNING: sin telemetría para OCO vuelta 59.0 - "None of ['Date'] are in the columns"
WARNING: sin telemetría para OCO vuelta 60.0 - "None of ['Date'] are in the columns"
WARNING: sin telemetría para OCO vuelta 61.0 - "None of ['Date'] are in the columns"
WARNING: sin telemetría para OCO vuelta 62.0 - "None of ['Date'] are in the columns"
WARNING: sin telemetría para OCO vuelta 63.0 - "None of ['Date'] are in the columns"
WARNING: sin telemetría para OCO vuelta 64.0 - "None of ['Date'] are in the columns"
WARNING: sin telemetría para OCO vuelta 65.0 - "None of ['Date'] are in the columns"
WARNING: sin telemetría para OCO vuelta 66.0 - "None of ['Date'] are in the columns"
WARNING: sin telemetría para OCO vuelta 67.0 - "None of ['Date'] are in the columns"
WARNING: sin telemetría para OCO vuelta 68.0 - "None of ['Date'] are in the columns"
WARNING: sin telemetría para OCO vuelta 69.0 - "None of ['Date'] are in the columns"
WARNING: sin telemetría para OCO vuelta 70.0 - "None of ['Date'] are in the columns"
WARNING: sin telemetría para OCO vuelta 71.0 - "None of ['Date'] are in the columns"
WARNING: sin telemetría para OCO vuelta 72.0 - "None of ['Date'] are in the columns"
WARNING: sin telemetría para OCO vuelta 73.0 - "None of ['Date'] are in the columns"
WARNING: sin telemetría para OCO vuelta 74.0 - "None of ['Date'] are in the columns"
WARNING: sin telemetría para OCO vuelta 75.0 - "None of ['Date'] are in the columns"
WARNING: sin telemetría para OCO vuelta 76.0 - "None of ['Date'] are in the columns"
WARNING: sin telemetría para OCO vuelta 77.0 - "None of ['Date'] are in the columns"
WARNING: sin telemetría para OCO vuelta 78.0 - "None of ['Date'] are in the columns"
WARNING: sin telemetría para LIN vuelta 6.0 - "None of ['Date'] are in the columns"
WARNING: sin telemetría para LIN vuelta 7.0 - "None of ['Date'] are in the columns"
WARNING: sin telemetría para LIN vuelta 8.0 - "None of ['Date'] are in the columns"
WARNING: sin telemetría para LIN vuelta 9.0 - "None of ['Date'] are in the columns"
WARNING: sin telemetría para LIN vuelta 10.0 - "None of ['Date'] are in the columns"
WARNING: sin telemetría para LIN vuelta 11.0 - "None of ['Date'] are in the columns"
WARNING: sin telemetría para LIN vuelta 12.0 - "None of ['Date'] are in the columns"
WARNING: sin telemetría para LIN vuelta 13.0 - "None of ['Date'] are in the columns"
WARNING: sin telemetría para LIN vuelta 14.0 - "None of ['Date'] are in the columns"
WARNING: sin telemetría para LIN vuelta 15.0 - "None of ['Date'] are in the columns"
WARNING: sin telemetría para LIN vuelta 16.0 - "None of ['Date'] are in the columns"
WARNING: sin telemetría para LIN vuelta 17.0 - "None of ['Date'] are in the columns"
WARNING: sin telemetría para LIN vuelta 18.0 - "None of ['Date'] are in the columns"
WARNING: sin telemetría para LIN vuelta 19.0 - "None of ['Date'] are in the columns"
WARNING: sin telemetría para LIN vuelta 20.0 - "None of ['Date'] are in the columns"
WARNING: sin telemetría para LIN vuelta 21.0 - "None of ['Date'] are in the columns"
WARNING: sin telemetría para LIN vuelta 22.0 - "None of ['Date'] are in the columns"
WARNING: sin telemetría para LIN vuelta 23.0 - "None of ['Date'] are in the columns"
WARNING: sin telemetría para LIN vuelta 24.0 - "None of ['Date'] are in the columns"
WARNING: sin telemetría para LIN vuelta 25.0 - "None of ['Date'] are in the columns"
WARNING: sin telemetría para LIN vuelta 26.0 - "None of ['Date'] are in the columns"
WARNING: sin telemetría para LIN vuelta 27.0 - "None of ['Date'] are in the columns"
WARNING: sin telemetría para LIN vuelta 28.0 - "None of ['Date'] are in the columns"
WARNING: sin telemetría para LIN vuelta 29.0 - "None of ['Date'] are in the columns"
WARNING: sin telemetría para LIN vuelta 30.0 - "None of ['Date'] are in the columns"
WARNING: sin telemetría para LIN vuelta 31.0 - "None of ['Date'] are in the columns"
WARNING: sin telemetría para LIN vuelta 32.0 - "None of ['Date'] are in the columns"
WARNING: sin telemetría para LIN vuelta 33.0 - "None of ['Date'] are in the columns"
WARNING: sin telemetría para LIN vuelta 34.0 - "None of ['Date'] are in the columns"
WARNING: sin telemetría para LIN vuelta 35.0 - "None of ['Date'] are in the columns"
WARNING: sin telemetría para LIN vuelta 36.0 - "None of ['Date'] are in the columns"
WARNING: sin telemetría para LIN vuelta 37.0 - "None of ['Date'] are in the columns"
WARNING: sin telemetría para LIN vuelta 38.0 - "None of ['Date'] are in the columns"
WARNING: sin telemetría para LIN vuelta 39.0 - "None of ['Date'] are in the columns"
WARNING: sin telemetría para LIN vuelta 40.0 - "None of ['Date'] are in the columns"
WARNING: sin telemetría para LIN vuelta 41.0 - "None of ['Date'] are in the columns"
WARNING: sin telemetría para LIN vuelta 42.0 - "None of ['Date'] are in the columns"
WARNING: sin telemetría para LIN vuelta 44.0 - "None of ['Date'] are in the columns"
WARNING: sin telemetría para LIN vuelta 45.0 - "None of ['Date'] are in the columns"
WARNING: sin telemetría para LIN vuelta 46.0 - "None of ['Date'] are in the columns"
WARNING: sin telemetría para LIN vuelta 47.0 - "None of ['Date'] are in the columns"
WARNING: sin telemetría para LIN vuelta 48.0 - "None of ['Date'] are in the columns"
WARNING: sin telemetría para LIN vuelta 49.0 - "None of ['Date'] are in the columns"
WARNING: sin telemetría para LIN vuelta 50.0 - "None of ['Date'] are in the columns"
WARNING: sin telemetría para LIN vuelta 51.0 - "None of ['Date'] are in the columns"
WARNING: sin telemetría para LIN vuelta 52.0 - "None of ['Date'] are in the columns"
WARNING: sin telemetría para LIN vuelta 53.0 - "None of ['Date'] are in the columns"
WARNING: sin telemetría para LIN vuelta 54.0 - "None of ['Date'] are in the columns"
WARNING: sin telemetría para LIN vuelta 55.0 - "None of ['Date'] are in the columns"
WARNING: sin telemetría para LIN vuelta 56.0 - "None of ['Date'] are in the columns"
WARNING: sin telemetría para LIN vuelta 57.0 - "None of ['Date'] are in the columns"
WARNING: sin telemetría para LIN vuelta 58.0 - "None of ['Date'] are in the columns"
WARNING: sin telemetría para LIN vuelta 59.0 - "None of ['Date'] are in the columns"
WARNING: sin telemetría para LIN vuelta 60.0 - "None of ['Date'] are in the columns"
WARNING: sin telemetría para LIN vuelta 61.0 - "None of ['Date'] are in the columns"
WARNING: sin telemetría para LIN vuelta 62.0 - "None of ['Date'] are in the columns"
WARNING: sin telemetría para LIN vuelta 63.0 - "None of ['Date'] are in the columns"
WARNING: sin telemetría para LIN vuelta 64.0 - "None of ['Date'] are in the columns"
WARNING: sin telemetría para LIN vuelta 65.0 - "None of ['Date'] are in the columns"
WARNING: sin telemetría para LIN vuelta 66.0 - "None of ['Date'] are in the columns"
WARNING: sin telemetría para LIN vuelta 67.0 - "None of ['Date'] are in the columns"
WARNING: sin telemetría para LIN vuelta 68.0 - "None of ['Date'] are in the columns"
WARNING: sin telemetría para LIN vuelta 69.0 - "None of ['Date'] are in the columns"
WARNING: sin telemetría para LIN vuelta 70.0 - "None of ['Date'] are in the columns"
WARNING: sin telemetría para LIN vuelta 71.0 - "None of ['Date'] are in the columns"
WARNING: sin telemetría para LIN vuelta 72.0 - "None of ['Date'] are in the columns"
WARNING: sin telemetría para LIN vuelta 73.0 - "None of ['Date'] are in the columns"
WARNING: sin telemetría para LIN vuelta 74.0 - "None of ['Date'] are in the columns"
WARNING: sin telemetría para LIN vuelta 75.0 - "None of ['Date'] are in the columns"
WARNING: sin telemetría para LIN vuelta 76.0 - "None of ['Date'] are in the columns"
WARNING: sin telemetría para LIN vuelta 77.0 - "None of ['Date'] are in the columns"
WARNING: sin telemetría para LIN vuelta 78.0 - "None of ['Date'] are in the columns"
WARNING: sin telemetría para COL vuelta 6.0 - "None of ['Date'] are in the columns"
WARNING: sin telemetría para COL vuelta 7.0 - "None of ['Date'] are in the columns"
WARNING: sin telemetría para COL vuelta 8.0 - "None of ['Date'] are in the columns"
WARNING: sin telemetría para COL vuelta 9.0 - "None of ['Date'] are in the columns"
WARNING: sin telemetría para COL vuelta 10.0 - "None of ['Date'] are in the columns"
WARNING: sin telemetría para COL vuelta 11.0 - "None of ['Date'] are in the columns"
WARNING: sin telemetría para COL vuelta 12.0 - "None of ['Date'] are in the columns"
WARNING: sin telemetría para COL vuelta 13.0 - "None of ['Date'] are in the columns"
WARNING: sin telemetría para COL vuelta 14.0 - "None of ['Date'] are in the columns"
WARNING: sin telemetría para COL vuelta 15.0 - "None of ['Date'] are in the columns"
WARNING: sin telemetría para COL vuelta 16.0 - "None of ['Date'] are in the columns"
WARNING: sin telemetría para COL vuelta 17.0 - "None of ['Date'] are in the columns"
WARNING: sin telemetría para COL vuelta 18.0 - "None of ['Date'] are in the columns"
WARNING: sin telemetría para COL vuelta 19.0 - "None of ['Date'] are in the columns"
WARNING: sin telemetría para COL vuelta 20.0 - "None of ['Date'] are in the columns"
WARNING: sin telemetría para COL vuelta 21.0 - "None of ['Date'] are in the columns"
WARNING: sin telemetría para COL vuelta 22.0 - "None of ['Date'] are in the columns"
WARNING: sin telemetría para COL vuelta 23.0 - "None of ['Date'] are in the columns"
WARNING: sin telemetría para COL vuelta 24.0 - "None of ['Date'] are in the columns"
WARNING: sin telemetría para COL vuelta 25.0 - "None of ['Date'] are in the columns"
WARNING: sin telemetría para COL vuelta 26.0 - "None of ['Date'] are in the columns"
WARNING: sin telemetría para COL vuelta 27.0 - "None of ['Date'] are in the columns"
WARNING: sin telemetría para COL vuelta 28.0 - "None of ['Date'] are in the columns"
WARNING: sin telemetría para COL vuelta 29.0 - "None of ['Date'] are in the columns"
WARNING: sin telemetría para COL vuelta 30.0 - "None of ['Date'] are in the columns"
WARNING: sin telemetría para COL vuelta 31.0 - "None of ['Date'] are in the columns"
WARNING: sin telemetría para COL vuelta 32.0 - "None of ['Date'] are in the columns"
WARNING: sin telemetría para COL vuelta 33.0 - "None of ['Date'] are in the columns"
WARNING: sin telemetría para COL vuelta 34.0 - "None of ['Date'] are in the columns"
WARNING: sin telemetría para COL vuelta 35.0 - "None of ['Date'] are in the columns"
WARNING: sin telemetría para COL vuelta 36.0 - "None of ['Date'] are in the columns"
WARNING: sin telemetría para COL vuelta 37.0 - "None of ['Date'] are in the columns"
WARNING: sin telemetría para COL vuelta 38.0 - "None of ['Date'] are in the columns"
WARNING: sin telemetría para COL vuelta 39.0 - "None of ['Date'] are in the columns"
WARNING: sin telemetría para COL vuelta 40.0 - "None of ['Date'] are in the columns"
WARNING: sin telemetría para COL vuelta 41.0 - "None of ['Date'] are in the columns"
WARNING: sin telemetría para COL vuelta 42.0 - "None of ['Date'] are in the columns"
WARNING: sin telemetría para COL vuelta 44.0 - "None of ['Date'] are in the columns"
WARNING: sin telemetría para COL vuelta 45.0 - "None of ['Date'] are in the columns"
WARNING: sin telemetría para COL vuelta 46.0 - "None of ['Date'] are in the columns"
WARNING: sin telemetría para COL vuelta 47.0 - "None of ['Date'] are in the columns"
WARNING: sin telemetría para COL vuelta 48.0 - "None of ['Date'] are in the columns"
WARNING: sin telemetría para COL vuelta 49.0 - "None of ['Date'] are in the columns"
WARNING: sin telemetría para COL vuelta 50.0 - "None of ['Date'] are in the columns"
WARNING: sin telemetría para COL vuelta 51.0 - "None of ['Date'] are in the columns"
WARNING: sin telemetría para COL vuelta 52.0 - "None of ['Date'] are in the columns"
WARNING: sin telemetría para COL vuelta 53.0 - "None of ['Date'] are in the columns"
WARNING: sin telemetría para COL vuelta 54.0 - "None of ['Date'] are in the columns"
WARNING: sin telemetría para COL vuelta 55.0 - "None of ['Date'] are in the columns"
WARNING: sin telemetría para COL vuelta 56.0 - "None of ['Date'] are in the columns"
WARNING: sin telemetría para COL vuelta 57.0 - "None of ['Date'] are in the columns"
WARNING: sin telemetría para COL vuelta 58.0 - "None of ['Date'] are in the columns"
WARNING: sin telemetría para COL vuelta 59.0 - "None of ['Date'] are in the columns"
WARNING: sin telemetría para COL vuelta 60.0 - "None of ['Date'] are in the columns"
WARNING: sin telemetría para COL vuelta 61.0 - "None of ['Date'] are in the columns"
WARNING: sin telemetría para COL vuelta 62.0 - "None of ['Date'] are in the columns"
WARNING: sin telemetría para COL vuelta 63.0 - "None of ['Date'] are in the columns"
WARNING: sin telemetría para COL vuelta 64.0 - "None of ['Date'] are in the columns"
WARNING: sin telemetría para COL vuelta 65.0 - "None of ['Date'] are in the columns"
WARNING: sin telemetría para COL vuelta 66.0 - "None of ['Date'] are in the columns"
WARNING: sin telemetría para COL vuelta 67.0 - "None of ['Date'] are in the columns"
WARNING: sin telemetría para COL vuelta 68.0 - "None of ['Date'] are in the columns"
WARNING: sin telemetría para COL vuelta 69.0 - "None of ['Date'] are in the columns"
WARNING: sin telemetría para COL vuelta 70.0 - "None of ['Date'] are in the columns"
WARNING: sin telemetría para COL vuelta 71.0 - "None of ['Date'] are in the columns"
WARNING: sin telemetría para COL vuelta 72.0 - "None of ['Date'] are in the columns"
WARNING: sin telemetría para COL vuelta 73.0 - "None of ['Date'] are in the columns"
WARNING: sin telemetría para COL vuelta 74.0 - "None of ['Date'] are in the columns"
WARNING: sin telemetría para COL vuelta 75.0 - "None of ['Date'] are in the columns"
WARNING: sin telemetría para COL vuelta 76.0 - "None of ['Date'] are in the columns"
WARNING: sin telemetría para COL vuelta 77.0 - "None of ['Date'] are in the columns"
WARNING: sin telemetría para COL vuelta 78.0 - "None of ['Date'] are in the columns"
WARNING: sin telemetría para HAM vuelta 6.0 - "None of ['Date'] are in the columns"
WARNING: sin telemetría para HAM vuelta 7.0 - "None of ['Date'] are in the columns"
WARNING: sin telemetría para HAM vuelta 8.0 - "None of ['Date'] are in the columns"
WARNING: sin telemetría para HAM vuelta 9.0 - "None of ['Date'] are in the columns"
WARNING: sin telemetría para HAM vuelta 10.0 - "None of ['Date'] are in the columns"
WARNING: sin telemetría para HAM vuelta 11.0 - "None of ['Date'] are in the columns"
WARNING: sin telemetría para HAM vuelta 12.0 - "None of ['Date'] are in the columns"
WARNING: sin telemetría para HAM vuelta 13.0 - "None of ['Date'] are in the columns"
WARNING: sin telemetría para HAM vuelta 14.0 - "None of ['Date'] are in the columns"
WARNING: sin telemetría para HAM vuelta 15.0 - "None of ['Date'] are in the columns"
WARNING: sin telemetría para HAM vuelta 16.0 - "None of ['Date'] are in the columns"
WARNING: sin telemetría para HAM vuelta 17.0 - "None of ['Date'] are in the columns"
WARNING: sin telemetría para HAM vuelta 18.0 - "None of ['Date'] are in the columns"
WARNING: sin telemetría para HAM vuelta 19.0 - "None of ['Date'] are in the columns"
WARNING: sin telemetría para HAM vuelta 20.0 - "None of ['Date'] are in the columns"
WARNING: sin telemetría para HAM vuelta 21.0 - "None of ['Date'] are in the columns"
WARNING: sin telemetría para HAM vuelta 22.0 - "None of ['Date'] are in the columns"
WARNING: sin telemetría para HAM vuelta 23.0 - "None of ['Date'] are in the columns"
WARNING: sin telemetría para HAM vuelta 24.0 - "None of ['Date'] are in the columns"
WARNING: sin telemetría para HAM vuelta 25.0 - "None of ['Date'] are in the columns"
WARNING: sin telemetría para HAM vuelta 26.0 - "None of ['Date'] are in the columns"
WARNING: sin telemetría para HAM vuelta 27.0 - "None of ['Date'] are in the columns"
WARNING: sin telemetría para HAM vuelta 28.0 - "None of ['Date'] are in the columns"
WARNING: sin telemetría para HAM vuelta 29.0 - "None of ['Date'] are in the columns"
WARNING: sin telemetría para HAM vuelta 30.0 - "None of ['Date'] are in the columns"
WARNING: sin telemetría para HAM vuelta 31.0 - "None of ['Date'] are in the columns"
WARNING: sin telemetría para HAM vuelta 32.0 - "None of ['Date'] are in the columns"
WARNING: sin telemetría para HAM vuelta 33.0 - "None of ['Date'] are in the columns"
WARNING: sin telemetría para HAM vuelta 34.0 - "None of ['Date'] are in the columns"
WARNING: sin telemetría para HAM vuelta 35.0 - "None of ['Date'] are in the columns"
WARNING: sin telemetría para HAM vuelta 36.0 - "None of ['Date'] are in the columns"
WARNING: sin telemetría para HAM vuelta 37.0 - "None of ['Date'] are in the columns"
WARNING: sin telemetría para HAM vuelta 38.0 - "None of ['Date'] are in the columns"
WARNING: sin telemetría para HAM vuelta 39.0 - "None of ['Date'] are in the columns"
WARNING: sin telemetría para HAM vuelta 40.0 - "None of ['Date'] are in the columns"
WARNING: sin telemetría para HAM vuelta 41.0 - "None of ['Date'] are in the columns"
WARNING: sin telemetría para HAM vuelta 42.0 - "None of ['Date'] are in the columns"
WARNING: sin telemetría para HAM vuelta 43.0 - "None of ['Date'] are in the columns"
WARNING: sin telemetría para HAM vuelta 45.0 - "None of ['Date'] are in the columns"
WARNING: sin telemetría para HAM vuelta 46.0 - "None of ['Date'] are in the columns"
WARNING: sin telemetría para HAM vuelta 47.0 - "None of ['Date'] are in the columns"
WARNING: sin telemetría para HAM vuelta 48.0 - "None of ['Date'] are in the columns"
WARNING: sin telemetría para HAM vuelta 49.0 - "None of ['Date'] are in the columns"
WARNING: sin telemetría para HAM vuelta 50.0 - "None of ['Date'] are in the columns"
WARNING: sin telemetría para HAM vuelta 51.0 - "None of ['Date'] are in the columns"
WARNING: sin telemetría para HAM vuelta 52.0 - "None of ['Date'] are in the columns"
WARNING: sin telemetría para HAM vuelta 53.0 - "None of ['Date'] are in the columns"
WARNING: sin telemetría para HAM vuelta 54.0 - "None of ['Date'] are in the columns"
WARNING: sin telemetría para HAM vuelta 55.0 - "None of ['Date'] are in the columns"
WARNING: sin telemetría para HAM vuelta 56.0 - "None of ['Date'] are in the columns"
WARNING: sin telemetría para HAM vuelta 57.0 - "None of ['Date'] are in the columns"
WARNING: sin telemetría para HAM vuelta 58.0 - "None of ['Date'] are in the columns"
WARNING: sin telemetría para HAM vuelta 59.0 - "None of ['Date'] are in the columns"
WARNING: sin telemetría para HAM vuelta 60.0 - "None of ['Date'] are in the columns"
WARNING: sin telemetría para HAM vuelta 61.0 - "None of ['Date'] are in the columns"
WARNING: sin telemetría para HAM vuelta 62.0 - "None of ['Date'] are in the columns"
WARNING: sin telemetría para HAM vuelta 63.0 - "None of ['Date'] are in the columns"
WARNING: sin telemetría para HAM vuelta 64.0 - "None of ['Date'] are in the columns"
WARNING: sin telemetría para HAM vuelta 65.0 - "None of ['Date'] are in the columns"
WARNING: sin telemetría para HAM vuelta 66.0 - "None of ['Date'] are in the columns"
WARNING: sin telemetría para HAM vuelta 67.0 - "None of ['Date'] are in the columns"
WARNING: sin telemetría para HAM vuelta 68.0 - "None of ['Date'] are in the columns"
WARNING: sin telemetría para HAM vuelta 69.0 - "None of ['Date'] are in the columns"
WARNING: sin telemetría para HAM vuelta 70.0 - "None of ['Date'] are in the columns"
WARNING: sin telemetría para HAM vuelta 71.0 - "None of ['Date'] are in the columns"
WARNING: sin telemetría para HAM vuelta 72.0 - "None of ['Date'] are in the columns"
WARNING: sin telemetría para HAM vuelta 73.0 - "None of ['Date'] are in the columns"
WARNING: sin telemetría para HAM vuelta 74.0 - "None of ['Date'] are in the columns"
WARNING: sin telemetría para HAM vuelta 75.0 - "None of ['Date'] are in the columns"
WARNING: sin telemetría para HAM vuelta 76.0 - "None of ['Date'] are in the columns"
WARNING: sin telemetría para HAM vuelta 77.0 - "None of ['Date'] are in the columns"
WARNING: sin telemetría para HAM vuelta 78.0 - "None of ['Date'] are in the columns"
WARNING: sin telemetría para BOR vuelta 6.0 - "None of ['Date'] are in the columns"
WARNING: sin telemetría para BOR vuelta 7.0 - "None of ['Date'] are in the columns"
WARNING: sin telemetría para BOR vuelta 8.0 - "None of ['Date'] are in the columns"
WARNING: sin telemetría para BOR vuelta 9.0 - "None of ['Date'] are in the columns"
WARNING: sin telemetría para BOR vuelta 10.0 - "None of ['Date'] are in the columns"
WARNING: sin telemetría para BOR vuelta 11.0 - "None of ['Date'] are in the columns"
WARNING: sin telemetría para BOR vuelta 12.0 - "None of ['Date'] are in the columns"
WARNING: sin telemetría para BOR vuelta 13.0 - "None of ['Date'] are in the columns"
WARNING: sin telemetría para BOR vuelta 14.0 - "None of ['Date'] are in the columns"
WARNING: sin telemetría para BOR vuelta 15.0 - "None of ['Date'] are in the columns"
WARNING: sin telemetría para BOR vuelta 16.0 - "None of ['Date'] are in the columns"
WARNING: sin telemetría para BOR vuelta 17.0 - "None of ['Date'] are in the columns"
WARNING: sin telemetría para BOR vuelta 18.0 - "None of ['Date'] are in the columns"
WARNING: sin telemetría para BOR vuelta 19.0 - "None of ['Date'] are in the columns"
WARNING: sin telemetría para BOR vuelta 20.0 - "None of ['Date'] are in the columns"
WARNING: sin telemetría para BOR vuelta 21.0 - "None of ['Date'] are in the columns"
WARNING: sin telemetría para BOR vuelta 22.0 - "None of ['Date'] are in the columns"
WARNING: sin telemetría para BOR vuelta 23.0 - "None of ['Date'] are in the columns"
WARNING: sin telemetría para BOR vuelta 24.0 - "None of ['Date'] are in the columns"
WARNING: sin telemetría para BOR vuelta 25.0 - "None of ['Date'] are in the columns"
WARNING: sin telemetría para BOR vuelta 26.0 - "None of ['Date'] are in the columns"
WARNING: sin telemetría para BOR vuelta 27.0 - "None of ['Date'] are in the columns"
WARNING: sin telemetría para BOR vuelta 28.0 - "None of ['Date'] are in the columns"
WARNING: sin telemetría para BOR vuelta 29.0 - "None of ['Date'] are in the columns"
WARNING: sin telemetría para BOR vuelta 30.0 - "None of ['Date'] are in the columns"
WARNING: sin telemetría para BOR vuelta 31.0 - "None of ['Date'] are in the columns"
WARNING: sin telemetría para BOR vuelta 32.0 - "None of ['Date'] are in the columns"
WARNING: sin telemetría para BOR vuelta 33.0 - "None of ['Date'] are in the columns"
WARNING: sin telemetría para BOR vuelta 34.0 - "None of ['Date'] are in the columns"
WARNING: sin telemetría para BOR vuelta 35.0 - "None of ['Date'] are in the columns"
WARNING: sin telemetría para BOR vuelta 36.0 - "None of ['Date'] are in the columns"
WARNING: sin telemetría para BOR vuelta 37.0 - "None of ['Date'] are in the columns"
WARNING: sin telemetría para BOR vuelta 38.0 - "None of ['Date'] are in the columns"
WARNING: sin telemetría para BOR vuelta 39.0 - "None of ['Date'] are in the columns"
WARNING: sin telemetría para BOR vuelta 40.0 - "None of ['Date'] are in the columns"
WARNING: sin telemetría para BOR vuelta 41.0 - "None of ['Date'] are in the columns"
WARNING: sin telemetría para BOR vuelta 44.0 - "None of ['Date'] are in the columns"
WARNING: sin telemetría para BOR vuelta 45.0 - "None of ['Date'] are in the columns"
WARNING: sin telemetría para BOR vuelta 46.0 - "None of ['Date'] are in the columns"
WARNING: sin telemetría para BOR vuelta 47.0 - "None of ['Date'] are in the columns"
WARNING: sin telemetría para BOR vuelta 48.0 - "None of ['Date'] are in the columns"
WARNING: sin telemetría para BOR vuelta 49.0 - "None of ['Date'] are in the columns"
WARNING: sin telemetría para BOR vuelta 50.0 - "None of ['Date'] are in the columns"
WARNING: sin telemetría para BOR vuelta 51.0 - "None of ['Date'] are in the columns"
WARNING: sin telemetría para BOR vuelta 52.0 - "None of ['Date'] are in the columns"
WARNING: sin telemetría para BOR vuelta 53.0 - "None of ['Date'] are in the columns"
WARNING: sin telemetría para BOR vuelta 54.0 - "None of ['Date'] are in the columns"
WARNING: sin telemetría para BOR vuelta 55.0 - "None of ['Date'] are in the columns"
WARNING: sin telemetría para BOR vuelta 56.0 - "None of ['Date'] are in the columns"
WARNING: sin telemetría para BOR vuelta 57.0 - "None of ['Date'] are in the columns"
WARNING: sin telemetría para BOR vuelta 58.0 - "None of ['Date'] are in the columns"
WARNING: sin telemetría para BOR vuelta 59.0 - "None of ['Date'] are in the columns"
WARNING: sin telemetría para BOR vuelta 60.0 - "None of ['Date'] are in the columns"
WARNING: sin telemetría para BOR vuelta 61.0 - "None of ['Date'] are in the columns"
WARNING: sin telemetría para BOR vuelta 62.0 - "None of ['Date'] are in the columns"
WARNING: sin telemetría para BOR vuelta 63.0 - "None of ['Date'] are in the columns"
WARNING: sin telemetría para BOR vuelta 64.0 - "None of ['Date'] are in the columns"
WARNING: sin telemetría para BOR vuelta 65.0 - "None of ['Date'] are in the columns"
WARNING: sin telemetría para BOR vuelta 66.0 - "None of ['Date'] are in the columns"
WARNING: sin telemetría para BOR vuelta 67.0 - "None of ['Date'] are in the columns"
WARNING: sin telemetría para BOR vuelta 68.0 - "None of ['Date'] are in the columns"
WARNING: sin telemetría para BOR vuelta 69.0 - "None of ['Date'] are in the columns"
WARNING: sin telemetría para BOR vuelta 70.0 - "None of ['Date'] are in the columns"
WARNING: sin telemetría para BOR vuelta 71.0 - "None of ['Date'] are in the columns"
WARNING: sin telemetría para BOR vuelta 72.0 - "None of ['Date'] are in the columns"
WARNING: sin telemetría para BOR vuelta 73.0 - "None of ['Date'] are in the columns"
WARNING: sin telemetría para BOR vuelta 74.0 - "None of ['Date'] are in the columns"
WARNING: sin telemetría para BOR vuelta 75.0 - "None of ['Date'] are in the columns"
WARNING: sin telemetría para BOR vuelta 76.0 - "None of ['Date'] are in the columns"
WARNING: sin telemetría para BOR vuelta 77.0 - "None of ['Date'] are in the columns"
WARNING: sin telemetría para BOR vuelta 78.0 - "None of ['Date'] are in the columns"
WARNING: sin telemetría para SAI vuelta 6.0 - "None of ['Date'] are in the columns"
WARNING: sin telemetría para SAI vuelta 7.0 - "None of ['Date'] are in the columns"
WARNING: sin telemetría para SAI vuelta 8.0 - "None of ['Date'] are in the columns"
WARNING: sin telemetría para SAI vuelta 9.0 - "None of ['Date'] are in the columns"
WARNING: sin telemetría para SAI vuelta 10.0 - "None of ['Date'] are in the columns"
WARNING: sin telemetría para SAI vuelta 11.0 - "None of ['Date'] are in the columns"
WARNING: sin telemetría para SAI vuelta 12.0 - "None of ['Date'] are in the columns"
WARNING: sin telemetría para SAI vuelta 13.0 - "None of ['Date'] are in the columns"
WARNING: sin telemetría para SAI vuelta 14.0 - "None of ['Date'] are in the columns"
WARNING: sin telemetría para SAI vuelta 15.0 - "None of ['Date'] are in the columns"
WARNING: sin telemetría para SAI vuelta 16.0 - "None of ['Date'] are in the columns"
WARNING: sin telemetría para SAI vuelta 17.0 - "None of ['Date'] are in the columns"
WARNING: sin telemetría para SAI vuelta 18.0 - "None of ['Date'] are in the columns"
WARNING: sin telemetría para SAI vuelta 19.0 - "None of ['Date'] are in the columns"
WARNING: sin telemetría para SAI vuelta 20.0 - "None of ['Date'] are in the columns"
WARNING: sin telemetría para SAI vuelta 21.0 - "None of ['Date'] are in the columns"
WARNING: sin telemetría para SAI vuelta 22.0 - "None of ['Date'] are in the columns"
WARNING: sin telemetría para SAI vuelta 23.0 - "None of ['Date'] are in the columns"
WARNING: sin telemetría para SAI vuelta 24.0 - "None of ['Date'] are in the columns"
WARNING: sin telemetría para SAI vuelta 25.0 - "None of ['Date'] are in the columns"
WARNING: sin telemetría para SAI vuelta 26.0 - "None of ['Date'] are in the columns"
WARNING: sin telemetría para SAI vuelta 27.0 - "None of ['Date'] are in the columns"
WARNING: sin telemetría para SAI vuelta 28.0 - "None of ['Date'] are in the columns"
WARNING: sin telemetría para SAI vuelta 29.0 - "None of ['Date'] are in the columns"
WARNING: sin telemetría para SAI vuelta 30.0 - "None of ['Date'] are in the columns"
WARNING: sin telemetría para SAI vuelta 31.0 - "None of ['Date'] are in the columns"
WARNING: sin telemetría para SAI vuelta 32.0 - "None of ['Date'] are in the columns"
WARNING: sin telemetría para SAI vuelta 33.0 - "None of ['Date'] are in the columns"
WARNING: sin telemetría para SAI vuelta 34.0 - "None of ['Date'] are in the columns"
WARNING: sin telemetría para SAI vuelta 35.0 - "None of ['Date'] are in the columns"
WARNING: sin telemetría para SAI vuelta 36.0 - "None of ['Date'] are in the columns"
WARNING: sin telemetría para SAI vuelta 37.0 - "None of ['Date'] are in the columns"
WARNING: sin telemetría para SAI vuelta 38.0 - "None of ['Date'] are in the columns"
WARNING: sin telemetría para SAI vuelta 39.0 - "None of ['Date'] are in the columns"
WARNING: sin telemetría para SAI vuelta 40.0 - "None of ['Date'] are in the columns"
WARNING: sin telemetría para SAI vuelta 41.0 - "None of ['Date'] are in the columns"
WARNING: sin telemetría para SAI vuelta 42.0 - "None of ['Date'] are in the columns"
WARNING: sin telemetría para SAI vuelta 44.0 - "None of ['Date'] are in the columns"
WARNING: sin telemetría para SAI vuelta 45.0 - "None of ['Date'] are in the columns"
WARNING: sin telemetría para SAI vuelta 46.0 - "None of ['Date'] are in the columns"
WARNING: sin telemetría para SAI vuelta 47.0 - "None of ['Date'] are in the columns"
WARNING: sin telemetría para SAI vuelta 48.0 - "None of ['Date'] are in the columns"
WARNING: sin telemetría para SAI vuelta 49.0 - "None of ['Date'] are in the columns"
WARNING: sin telemetría para SAI vuelta 50.0 - "None of ['Date'] are in the columns"
WARNING: sin telemetría para SAI vuelta 51.0 - "None of ['Date'] are in the columns"
WARNING: sin telemetría para SAI vuelta 52.0 - "None of ['Date'] are in the columns"
WARNING: sin telemetría para SAI vuelta 53.0 - "None of ['Date'] are in the columns"
WARNING: sin telemetría para SAI vuelta 54.0 - "None of ['Date'] are in the columns"
WARNING: sin telemetría para SAI vuelta 55.0 - "None of ['Date'] are in the columns"
WARNING: sin telemetría para SAI vuelta 56.0 - "None of ['Date'] are in the columns"
WARNING: sin telemetría para SAI vuelta 57.0 - "None of ['Date'] are in the columns"
WARNING: sin telemetría para SAI vuelta 58.0 - "None of ['Date'] are in the columns"
WARNING: sin telemetría para SAI vuelta 59.0 - "None of ['Date'] are in the columns"
WARNING: sin telemetría para SAI vuelta 60.0 - "None of ['Date'] are in the columns"
WARNING: sin telemetría para SAI vuelta 61.0 - "None of ['Date'] are in the columns"
WARNING: sin telemetría para SAI vuelta 62.0 - "None of ['Date'] are in the columns"
WARNING: sin telemetría para SAI vuelta 63.0 - "None of ['Date'] are in the columns"
WARNING: sin telemetría para SAI vuelta 64.0 - "None of ['Date'] are in the columns"
WARNING: sin telemetría para SAI vuelta 65.0 - "None of ['Date'] are in the columns"
WARNING: sin telemetría para SAI vuelta 66.0 - "None of ['Date'] are in the columns"
WARNING: sin telemetría para SAI vuelta 67.0 - "None of ['Date'] are in the columns"
WARNING: sin telemetría para SAI vuelta 68.0 - "None of ['Date'] are in the columns"
WARNING: sin telemetría para SAI vuelta 69.0 - "None of ['Date'] are in the columns"
WARNING: sin telemetría para SAI vuelta 70.0 - "None of ['Date'] are in the columns"
WARNING: sin telemetría para SAI vuelta 71.0 - "None of ['Date'] are in the columns"
WARNING: sin telemetría para HAD vuelta 6.0 - "None of ['Date'] are in the columns"
WARNING: sin telemetría para HAD vuelta 7.0 - "None of ['Date'] are in the columns"
WARNING: sin telemetría para HAD vuelta 8.0 - "None of ['Date'] are in the columns"
WARNING: sin telemetría para HAD vuelta 9.0 - "None of ['Date'] are in the columns"
WARNING: sin telemetría para HAD vuelta 10.0 - "None of ['Date'] are in the columns"
WARNING: sin telemetría para HAD vuelta 11.0 - "None of ['Date'] are in the columns"
WARNING: sin telemetría para HAD vuelta 12.0 - "None of ['Date'] are in the columns"
WARNING: sin telemetría para HAD vuelta 13.0 - "None of ['Date'] are in the columns"
WARNING: sin telemetría para HAD vuelta 14.0 - "None of ['Date'] are in the columns"
WARNING: sin telemetría para HAD vuelta 15.0 - "None of ['Date'] are in the columns"
WARNING: sin telemetría para HAD vuelta 16.0 - "None of ['Date'] are in the columns"
WARNING: sin telemetría para HAD vuelta 17.0 - "None of ['Date'] are in the columns"
WARNING: sin telemetría para HAD vuelta 18.0 - "None of ['Date'] are in the columns"
WARNING: sin telemetría para HAD vuelta 19.0 - "None of ['Date'] are in the columns"
WARNING: sin telemetría para HAD vuelta 20.0 - "None of ['Date'] are in the columns"
WARNING: sin telemetría para HAD vuelta 21.0 - "None of ['Date'] are in the columns"
WARNING: sin telemetría para HAD vuelta 22.0 - "None of ['Date'] are in the columns"
WARNING: sin telemetría para HAD vuelta 23.0 - "None of ['Date'] are in the columns"
WARNING: sin telemetría para HAD vuelta 24.0 - "None of ['Date'] are in the columns"
WARNING: sin telemetría para HAD vuelta 25.0 - "None of ['Date'] are in the columns"
WARNING: sin telemetría para HAD vuelta 26.0 - "None of ['Date'] are in the columns"
WARNING: sin telemetría para HAD vuelta 27.0 - "None of ['Date'] are in the columns"
WARNING: sin telemetría para HAD vuelta 28.0 - "None of ['Date'] are in the columns"
WARNING: sin telemetría para HAD vuelta 29.0 - "None of ['Date'] are in the columns"
WARNING: sin telemetría para HAD vuelta 30.0 - "None of ['Date'] are in the columns"
WARNING: sin telemetría para HAD vuelta 31.0 - "None of ['Date'] are in the columns"
WARNING: sin telemetría para HAD vuelta 32.0 - "None of ['Date'] are in the columns"
WARNING: sin telemetría para HAD vuelta 33.0 - "None of ['Date'] are in the columns"
WARNING: sin telemetría para HAD vuelta 34.0 - "None of ['Date'] are in the columns"
WARNING: sin telemetría para HAD vuelta 35.0 - "None of ['Date'] are in the columns"
WARNING: sin telemetría para HAD vuelta 36.0 - "None of ['Date'] are in the columns"
WARNING: sin telemetría para HAD vuelta 37.0 - "None of ['Date'] are in the columns"
WARNING: sin telemetría para HAD vuelta 38.0 - "None of ['Date'] are in the columns"
WARNING: sin telemetría para HAD vuelta 39.0 - "None of ['Date'] are in the columns"
WARNING: sin telemetría para HAD vuelta 40.0 - "None of ['Date'] are in the columns"
WARNING: sin telemetría para HAD vuelta 41.0 - "None of ['Date'] are in the columns"
WARNING: sin telemetría para HAD vuelta 42.0 - "None of ['Date'] are in the columns"
WARNING: sin telemetría para HAD vuelta 43.0 - "None of ['Date'] are in the columns"
WARNING: sin telemetría para HAD vuelta 45.0 - "None of ['Date'] are in the columns"
WARNING: sin telemetría para HAD vuelta 46.0 - "None of ['Date'] are in the columns"
WARNING: sin telemetría para HAD vuelta 47.0 - "None of ['Date'] are in the columns"
WARNING: sin telemetría para HAD vuelta 48.0 - "None of ['Date'] are in the columns"
WARNING: sin telemetría para HAD vuelta 49.0 - "None of ['Date'] are in the columns"
WARNING: sin telemetría para HAD vuelta 50.0 - "None of ['Date'] are in the columns"
WARNING: sin telemetría para HAD vuelta 51.0 - "None of ['Date'] are in the columns"
WARNING: sin telemetría para HAD vuelta 52.0 - "None of ['Date'] are in the columns"
WARNING: sin telemetría para HAD vuelta 53.0 - "None of ['Date'] are in the columns"
WARNING: sin telemetría para HAD vuelta 54.0 - "None of ['Date'] are in the columns"
WARNING: sin telemetría para HAD vuelta 55.0 - "None of ['Date'] are in the columns"
WARNING: sin telemetría para HAD vuelta 56.0 - "None of ['Date'] are in the columns"
WARNING: sin telemetría para HAD vuelta 57.0 - "None of ['Date'] are in the columns"
WARNING: sin telemetría para HAD vuelta 58.0 - "None of ['Date'] are in the columns"
WARNING: sin telemetría para HAD vuelta 59.0 - "None of ['Date'] are in the columns"
WARNING: sin telemetría para HAD vuelta 60.0 - "None of ['Date'] are in the columns"
WARNING: sin telemetría para HAD vuelta 61.0 - "None of ['Date'] are in the columns"
WARNING: sin telemetría para HAD vuelta 62.0 - "None of ['Date'] are in the columns"
WARNING: sin telemetría para HAD vuelta 63.0 - "None of ['Date'] are in the columns"
WARNING: sin telemetría para HAD vuelta 64.0 - "None of ['Date'] are in the columns"
WARNING: sin telemetría para HAD vuelta 65.0 - "None of ['Date'] are in the columns"
WARNING: sin telemetría para HAD vuelta 66.0 - "None of ['Date'] are in the columns"
WARNING: sin telemetría para HAD vuelta 67.0 - "None of ['Date'] are in the columns"
WARNING: sin telemetría para HAD vuelta 68.0 - "None of ['Date'] are in the columns"
WARNING: sin telemetría para HAD vuelta 69.0 - "None of ['Date'] are in the columns"
WARNING: sin telemetría para HAD vuelta 70.0 - "None of ['Date'] are in the columns"
WARNING: sin telemetría para HAD vuelta 71.0 - "None of ['Date'] are in the columns"
WARNING: sin telemetría para HAD vuelta 72.0 - "None of ['Date'] are in the columns"
WARNING: sin telemetría para HAD vuelta 73.0 - "None of ['Date'] are in the columns"
WARNING: sin telemetría para HAD vuelta 74.0 - "None of ['Date'] are in the columns"
WARNING: sin telemetría para HAD vuelta 75.0 - "None of ['Date'] are in the columns"
WARNING: sin telemetría para HAD vuelta 76.0 - "None of ['Date'] are in the columns"
WARNING: sin telemetría para HAD vuelta 77.0 - "None of ['Date'] are in the columns"
WARNING: sin telemetría para HAD vuelta 78.0 - "None of ['Date'] are in the columns"
WARNING: sin telemetría para RUS vuelta 6.0 - "None of ['Date'] are in the columns"
WARNING: sin telemetría para RUS vuelta 7.0 - "None of ['Date'] are in the columns"
WARNING: sin telemetría para RUS vuelta 8.0 - "None of ['Date'] are in the columns"
WARNING: sin telemetría para RUS vuelta 9.0 - "None of ['Date'] are in the columns"
WARNING: sin telemetría para RUS vuelta 10.0 - "None of ['Date'] are in the columns"
WARNING: sin telemetría para RUS vuelta 11.0 - "None of ['Date'] are in the columns"
WARNING: sin telemetría para RUS vuelta 12.0 - "None of ['Date'] are in the columns"
WARNING: sin telemetría para RUS vuelta 13.0 - "None of ['Date'] are in the columns"
WARNING: sin telemetría para RUS vuelta 14.0 - "None of ['Date'] are in the columns"
WARNING: sin telemetría para RUS vuelta 15.0 - "None of ['Date'] are in the columns"
WARNING: sin telemetría para RUS vuelta 16.0 - "None of ['Date'] are in the columns"
WARNING: sin telemetría para RUS vuelta 17.0 - "None of ['Date'] are in the columns"
WARNING: sin telemetría para RUS vuelta 18.0 - "None of ['Date'] are in the columns"
WARNING: sin telemetría para RUS vuelta 19.0 - "None of ['Date'] are in the columns"
WARNING: sin telemetría para RUS vuelta 20.0 - "None of ['Date'] are in the columns"
WARNING: sin telemetría para RUS vuelta 21.0 - "None of ['Date'] are in the columns"
WARNING: sin telemetría para RUS vuelta 22.0 - "None of ['Date'] are in the columns"
WARNING: sin telemetría para RUS vuelta 23.0 - "None of ['Date'] are in the columns"
WARNING: sin telemetría para RUS vuelta 24.0 - "None of ['Date'] are in the columns"
WARNING: sin telemetría para RUS vuelta 25.0 - "None of ['Date'] are in the columns"
WARNING: sin telemetría para RUS vuelta 26.0 - "None of ['Date'] are in the columns"
WARNING: sin telemetría para RUS vuelta 27.0 - "None of ['Date'] are in the columns"
WARNING: sin telemetría para RUS vuelta 28.0 - "None of ['Date'] are in the columns"
WARNING: sin telemetría para RUS vuelta 29.0 - "None of ['Date'] are in the columns"
WARNING: sin telemetría para RUS vuelta 30.0 - "None of ['Date'] are in the columns"
WARNING: sin telemetría para RUS vuelta 31.0 - "None of ['Date'] are in the columns"
WARNING: sin telemetría para RUS vuelta 32.0 - "None of ['Date'] are in the columns"
WARNING: sin telemetría para RUS vuelta 33.0 - "None of ['Date'] are in the columns"
WARNING: sin telemetría para RUS vuelta 34.0 - "None of ['Date'] are in the columns"
WARNING: sin telemetría para RUS vuelta 35.0 - "None of ['Date'] are in the columns"
WARNING: sin telemetría para RUS vuelta 36.0 - "None of ['Date'] are in the columns"
WARNING: sin telemetría para RUS vuelta 37.0 - "None of ['Date'] are in the columns"
WARNING: sin telemetría para RUS vuelta 38.0 - "None of ['Date'] are in the columns"
WARNING: sin telemetría para RUS vuelta 39.0 - "None of ['Date'] are in the columns"
WARNING: sin telemetría para RUS vuelta 40.0 - "None of ['Date'] are in the columns"
WARNING: sin telemetría para RUS vuelta 41.0 - "None of ['Date'] are in the columns"
WARNING: sin telemetría para RUS vuelta 42.0 - "None of ['Date'] are in the columns"
WARNING: sin telemetría para RUS vuelta 43.0 - "None of ['Date'] are in the columns"
WARNING: sin telemetría para RUS vuelta 45.0 - "None of ['Date'] are in the columns"
WARNING: sin telemetría para RUS vuelta 46.0 - "None of ['Date'] are in the columns"
WARNING: sin telemetría para RUS vuelta 47.0 - "None of ['Date'] are in the columns"
WARNING: sin telemetría para RUS vuelta 48.0 - "None of ['Date'] are in the columns"
WARNING: sin telemetría para RUS vuelta 49.0 - "None of ['Date'] are in the columns"
WARNING: sin telemetría para RUS vuelta 50.0 - "None of ['Date'] are in the columns"
WARNING: sin telemetría para RUS vuelta 51.0 - "None of ['Date'] are in the columns"
WARNING: sin telemetría para RUS vuelta 52.0 - "None of ['Date'] are in the columns"
WARNING: sin telemetría para RUS vuelta 53.0 - "None of ['Date'] are in the columns"
WARNING: sin telemetría para RUS vuelta 54.0 - "None of ['Date'] are in the columns"
WARNING: sin telemetría para RUS vuelta 55.0 - "None of ['Date'] are in the columns"
WARNING: sin telemetría para RUS vuelta 56.0 - "None of ['Date'] are in the columns"
WARNING: sin telemetría para RUS vuelta 57.0 - "None of ['Date'] are in the columns"
WARNING: sin telemetría para RUS vuelta 58.0 - "None of ['Date'] are in the columns"
WARNING: sin telemetría para RUS vuelta 59.0 - "None of ['Date'] are in the columns"
WARNING: sin telemetría para RUS vuelta 60.0 - "None of ['Date'] are in the columns"
WARNING: sin telemetría para RUS vuelta 61.0 - "None of ['Date'] are in the columns"
WARNING: sin telemetría para RUS vuelta 62.0 - "None of ['Date'] are in the columns"
WARNING: sin telemetría para RUS vuelta 63.0 - "None of ['Date'] are in the columns"
WARNING: sin telemetría para RUS vuelta 64.0 - "None of ['Date'] are in the columns"
WARNING: sin telemetría para RUS vuelta 65.0 - "None of ['Date'] are in the columns"
WARNING: sin telemetría para RUS vuelta 66.0 - "None of ['Date'] are in the columns"
WARNING: sin telemetría para RUS vuelta 67.0 - "None of ['Date'] are in the columns"
WARNING: sin telemetría para RUS vuelta 68.0 - "None of ['Date'] are in the columns"
WARNING: sin telemetría para RUS vuelta 69.0 - "None of ['Date'] are in the columns"
WARNING: sin telemetría para RUS vuelta 70.0 - "None of ['Date'] are in the columns"
WARNING: sin telemetría para RUS vuelta 71.0 - "None of ['Date'] are in the columns"
WARNING: sin telemetría para RUS vuelta 72.0 - "None of ['Date'] are in the columns"
WARNING: sin telemetría para RUS vuelta 73.0 - "None of ['Date'] are in the columns"
WARNING: sin telemetría para RUS vuelta 74.0 - "None of ['Date'] are in the columns"
WARNING: sin telemetría para RUS vuelta 75.0 - "None of ['Date'] are in the columns"
WARNING: sin telemetría para RUS vuelta 76.0 - "None of ['Date'] are in the columns"
WARNING: sin telemetría para RUS vuelta 77.0 - "None of ['Date'] are in the columns"
WARNING: sin telemetría para RUS vuelta 78.0 - "None of ['Date'] are in the columns"
WARNING: sin telemetría para BOT vuelta 6.0 - "None of ['Date'] are in the columns"
WARNING: sin telemetría para BOT vuelta 7.0 - "None of ['Date'] are in the columns"
WARNING: sin telemetría para BOT vuelta 8.0 - "None of ['Date'] are in the columns"
WARNING: sin telemetría para BOT vuelta 9.0 - "None of ['Date'] are in the columns"
WARNING: sin telemetría para BOT vuelta 10.0 - "None of ['Date'] are in the columns"
WARNING: sin telemetría para BOT vuelta 11.0 - "None of ['Date'] are in the columns"
WARNING: sin telemetría para BOT vuelta 12.0 - "None of ['Date'] are in the columns"
WARNING: sin telemetría para BOT vuelta 13.0 - "None of ['Date'] are in the columns"
WARNING: sin telemetría para BOT vuelta 14.0 - "None of ['Date'] are in the columns"
WARNING: sin telemetría para BOT vuelta 15.0 - "None of ['Date'] are in the columns"
WARNING: sin telemetría para BOT vuelta 16.0 - "None of ['Date'] are in the columns"
WARNING: sin telemetría para PIA vuelta 6.0 - "None of ['Date'] are in the columns"
WARNING: sin telemetría para PIA vuelta 7.0 - "None of ['Date'] are in the columns"
WARNING: sin telemetría para PIA vuelta 8.0 - "None of ['Date'] are in the columns"
WARNING: sin telemetría para PIA vuelta 9.0 - "None of ['Date'] are in the columns"
WARNING: sin telemetría para PIA vuelta 10.0 - "None of ['Date'] are in the columns"
WARNING: sin telemetría para PIA vuelta 11.0 - "None of ['Date'] are in the columns"
WARNING: sin telemetría para PIA vuelta 12.0 - "None of ['Date'] are in the columns"
WARNING: sin telemetría para PIA vuelta 13.0 - "None of ['Date'] are in the columns"
WARNING: sin telemetría para PIA vuelta 14.0 - "None of ['Date'] are in the columns"
WARNING: sin telemetría para PIA vuelta 15.0 - "None of ['Date'] are in the columns"
WARNING: sin telemetría para PIA vuelta 16.0 - "None of ['Date'] are in the columns"
WARNING: sin telemetría para PIA vuelta 17.0 - "None of ['Date'] are in the columns"
WARNING: sin telemetría para PIA vuelta 18.0 - "None of ['Date'] are in the columns"
WARNING: sin telemetría para PIA vuelta 19.0 - "None of ['Date'] are in the columns"
WARNING: sin telemetría para PIA vuelta 20.0 - "None of ['Date'] are in the columns"
WARNING: sin telemetría para PIA vuelta 21.0 - "None of ['Date'] are in the columns"
WARNING: sin telemetría para PIA vuelta 22.0 - "None of ['Date'] are in the columns"
WARNING: sin telemetría para PIA vuelta 23.0 - "None of ['Date'] are in the columns"
WARNING: sin telemetría para PIA vuelta 24.0 - "None of ['Date'] are in the columns"
WARNING: sin telemetría para PIA vuelta 25.0 - "None of ['Date'] are in the columns"
WARNING: sin telemetría para PIA vuelta 26.0 - "None of ['Date'] are in the columns"
WARNING: sin telemetría para PIA vuelta 27.0 - "None of ['Date'] are in the columns"
WARNING: sin telemetría para PIA vuelta 28.0 - "None of ['Date'] are in the columns"
WARNING: sin telemetría para PIA vuelta 29.0 - "None of ['Date'] are in the columns"
WARNING: sin telemetría para PIA vuelta 30.0 - "None of ['Date'] are in the columns"
WARNING: sin telemetría para PIA vuelta 31.0 - "None of ['Date'] are in the columns"
WARNING: sin telemetría para PIA vuelta 32.0 - "None of ['Date'] are in the columns"
WARNING: sin telemetría para PIA vuelta 33.0 - "None of ['Date'] are in the columns"
WARNING: sin telemetría para PIA vuelta 34.0 - "None of ['Date'] are in the columns"
WARNING: sin telemetría para PIA vuelta 35.0 - "None of ['Date'] are in the columns"
WARNING: sin telemetría para PIA vuelta 36.0 - "None of ['Date'] are in the columns"
WARNING: sin telemetría para PIA vuelta 37.0 - "None of ['Date'] are in the columns"
WARNING: sin telemetría para PIA vuelta 38.0 - "None of ['Date'] are in the columns"
WARNING: sin telemetría para PIA vuelta 39.0 - "None of ['Date'] are in the columns"
WARNING: sin telemetría para PIA vuelta 40.0 - "None of ['Date'] are in the columns"
WARNING: sin telemetría para PIA vuelta 41.0 - "None of ['Date'] are in the columns"
WARNING: sin telemetría para PIA vuelta 42.0 - "None of ['Date'] are in the columns"
WARNING: sin telemetría para PIA vuelta 43.0 - "None of ['Date'] are in the columns"
WARNING: sin telemetría para PIA vuelta 45.0 - "None of ['Date'] are in the columns"
WARNING: sin telemetría para PIA vuelta 46.0 - "None of ['Date'] are in the columns"
WARNING: sin telemetría para PIA vuelta 47.0 - "None of ['Date'] are in the columns"
WARNING: sin telemetría para PIA vuelta 48.0 - "None of ['Date'] are in the columns"
WARNING: sin telemetría para PIA vuelta 49.0 - "None of ['Date'] are in the columns"
WARNING: sin telemetría para PIA vuelta 50.0 - "None of ['Date'] are in the columns"
WARNING: sin telemetría para PIA vuelta 51.0 - "None of ['Date'] are in the columns"
WARNING: sin telemetría para PIA vuelta 52.0 - "None of ['Date'] are in the columns"
WARNING: sin telemetría para PIA vuelta 53.0 - "None of ['Date'] are in the columns"
WARNING: sin telemetría para PIA vuelta 54.0 - "None of ['Date'] are in the columns"
WARNING: sin telemetría para PIA vuelta 55.0 - "None of ['Date'] are in the columns"
WARNING: sin telemetría para PIA vuelta 56.0 - "None of ['Date'] are in the columns"
WARNING: sin telemetría para PIA vuelta 57.0 - "None of ['Date'] are in the columns"
WARNING: sin telemetría para PIA vuelta 58.0 - "None of ['Date'] are in the columns"
WARNING: sin telemetría para PIA vuelta 59.0 - "None of ['Date'] are in the columns"
WARNING: sin telemetría para PIA vuelta 60.0 - "None of ['Date'] are in the columns"
WARNING: sin telemetría para PIA vuelta 61.0 - "None of ['Date'] are in the columns"
WARNING: sin telemetría para PIA vuelta 62.0 - "None of ['Date'] are in the columns"
WARNING: sin telemetría para PIA vuelta 63.0 - "None of ['Date'] are in the columns"
WARNING: sin telemetría para PIA vuelta 64.0 - "None of ['Date'] are in the columns"
WARNING: sin telemetría para PIA vuelta 65.0 - "None of ['Date'] are in the columns"
WARNING: sin telemetría para PIA vuelta 66.0 - "None of ['Date'] are in the columns"
WARNING: sin telemetría para PIA vuelta 67.0 - "None of ['Date'] are in the columns"
WARNING: sin telemetría para PIA vuelta 68.0 - "None of ['Date'] are in the columns"
WARNING: sin telemetría para PIA vuelta 69.0 - "None of ['Date'] are in the columns"
WARNING: sin telemetría para PIA vuelta 70.0 - "None of ['Date'] are in the columns"
WARNING: sin telemetría para PIA vuelta 71.0 - "None of ['Date'] are in the columns"
WARNING: sin telemetría para PIA vuelta 72.0 - "None of ['Date'] are in the columns"
WARNING: sin telemetría para PIA vuelta 73.0 - "None of ['Date'] are in the columns"
WARNING: sin telemetría para PIA vuelta 74.0 - "None of ['Date'] are in the columns"
WARNING: sin telemetría para PIA vuelta 75.0 - "None of ['Date'] are in the columns"
WARNING: sin telemetría para PIA vuelta 76.0 - "None of ['Date'] are in the columns"
WARNING: sin telemetría para PIA vuelta 77.0 - "None of ['Date'] are in the columns"
WARNING: sin telemetría para PIA vuelta 78.0 - "None of ['Date'] are in the columns"
WARNING: sin telemetría para BEA vuelta 6.0 - "None of ['Date'] are in the columns"
WARNING: sin telemetría para BEA vuelta 7.0 - "None of ['Date'] are in the columns"
WARNING: sin telemetría para BEA vuelta 8.0 - "None of ['Date'] are in the columns"
WARNING: sin telemetría para BEA vuelta 9.0 - "None of ['Date'] are in the columns"
WARNING: sin telemetría para BEA vuelta 10.0 - "None of ['Date'] are in the columns"
WARNING: sin telemetría para BEA vuelta 11.0 - "None of ['Date'] are in the columns"
WARNING: sin telemetría para BEA vuelta 12.0 - "None of ['Date'] are in the columns"
WARNING: sin telemetría para BEA vuelta 13.0 - "None of ['Date'] are in the columns"
WARNING: sin telemetría para BEA vuelta 14.0 - "None of ['Date'] are in the columns"
WARNING: sin telemetría para BEA vuelta 15.0 - "None of ['Date'] are in the columns"
WARNING: sin telemetría para BEA vuelta 16.0 - "None of ['Date'] are in the columns"
WARNING: sin telemetría para BEA vuelta 17.0 - "None of ['Date'] are in the columns"
WARNING: sin telemetría para BEA vuelta 18.0 - "None of ['Date'] are in the columns"
WARNING: sin telemetría para BEA vuelta 19.0 - "None of ['Date'] are in the columns"
WARNING: sin telemetría para BEA vuelta 20.0 - "None of ['Date'] are in the columns"
WARNING: sin telemetría para BEA vuelta 21.0 - "None of ['Date'] are in the columns"
WARNING: sin telemetría para BEA vuelta 22.0 - "None of ['Date'] are in the columns"
WARNING: sin telemetría para BEA vuelta 23.0 - "None of ['Date'] are in the columns"
WARNING: sin telemetría para BEA vuelta 24.0 - "None of ['Date'] are in the columns"
WARNING: sin telemetría para BEA vuelta 25.0 - "None of ['Date'] are in the columns"
WARNING: sin telemetría para BEA vuelta 26.0 - "None of ['Date'] are in the columns"
WARNING: sin telemetría para BEA vuelta 27.0 - "None of ['Date'] are in the columns"
WARNING: sin telemetría para BEA vuelta 28.0 - "None of ['Date'] are in the columns"
SUCCESS: telemetría -> data/raw/2026\monaco_grand_prix\R_telemetry.parquet (72066 filas)
SUCCESS: eventos -> data/raw/2026\monaco_grand_prix\R_events.parquet (265 mensajes, 153 banderas)

INFO: --- Ingesta Barcelona Grand Prix 2026 · sesión R ---
SUCCESS: vueltas -> data/raw/2026\barcelona_grand_prix\R_laps.parquet (1236 filas)
INFO: Extrayendo telemetría vuelta por vuelta...
SUCCESS: telemetría -> data/raw/2026\barcelona_grand_prix\R_telemetry.parquet (806970 filas)
SUCCESS: eventos -> data/raw/2026\barcelona_grand_prix\R_events.parquet (178 mensajes, 129 banderas)

INFO: --- Ingesta Austrian Grand Prix 2026 · sesión R ---
SUCCESS: vueltas -> data/raw/2026\austrian_grand_prix\R_laps.parquet (1339 filas)
INFO: Extrayendo telemetría vuelta por vuelta...
SUCCESS: telemetría -> data/raw/2026\austrian_grand_prix\R_telemetry.parquet (757210 filas)
SUCCESS: eventos -> data/raw/2026\austrian_grand_prix\R_events.parquet (211 mensajes, 144 banderas)

INFO: --- Ingesta British Grand Prix 2026 · sesión R ---
SUCCESS: vueltas -> data/raw/2026\british_grand_prix\R_laps.parquet (1113 filas)
INFO: Extrayendo telemetría vuelta por vuelta...
SUCCESS: telemetría -> data/raw/2026\british_grand_prix\R_telemetry.parquet (844015 filas)
SUCCESS: eventos -> data/raw/2026\british_grand_prix\R_events.parquet (248 mensajes, 175 banderas)

INFO: --- Ingesta Belgian Grand Prix 2026 · sesión R ---
SUCCESS: vueltas -> data/raw/2026\belgian_grand_prix\R_laps.parquet (872 filas)
INFO: Extrayendo telemetría vuelta por vuelta...
SUCCESS: telemetría -> data/raw/2026\belgian_grand_prix\R_telemetry.parquet (772904 filas)
SUCCESS: eventos -> data/raw/2026\belgian_grand_prix\R_events.parquet (149 mensajes, 108 banderas)

INFO: --- Ingesta Hungarian Grand Prix 2026 · sesión R ---
SUCCESS: vueltas -> data/raw/2026\hungarian_grand_prix\R_laps.parquet (1431 filas)
INFO: Extrayendo telemetría vuelta por vuelta...
SUCCESS: telemetría -> data/raw/2026\hungarian_grand_prix\R_telemetry.parquet (938587 filas)
SUCCESS: eventos -> data/raw/2026\hungarian_grand_prix\R_events.parquet (80 mensajes, 28 banderas)
